month,precipitation_mm,source,year,calendar_month,early_extension_unverified,reference_1991_2020_mm,anomaly_mm,anomaly_percent,above_reference,rain_days
1890-01,252.0000,NORDKLIM_1.0,1890,1,True,255.2767,-3.2767,-1.2836,0.0000,
1890-02,82.0000,NORDKLIM_1.0,1890,2,True,209.0933,-127.0933,-60.7831,0.0000,
1890-03,154.0000,NORDKLIM_1.0,1890,3,True,202.6067,-48.6067,-23.9907,0.0000,
1890-04,75.0000,NORDKLIM_1.0,1890,4,True,138.1867,-63.1867,-45.7256,0.0000,
1890-05,46.0000,NORDKLIM_1.0,1890,5,True,109.0367,-63.0367,-57.8124,0.0000,
1890-06,138.0000,NORDKLIM_1.0,1890,6,True,131.9733,6.0267,4.5666,1.0000,
1890-07,206.0000,NORDKLIM_1.0,1890,7,True,158.1300,47.8700,30.2726,1.0000,
1890-08,231.0000,NORDKLIM_1.0,1890,8,True,207.4200,23.5800,11.3682,1.0000,
1890-09,400.0000,NORDKLIM_1.0,1890,9,True,249.3800,150.6200,60.3978,1.0000,
1890-10,487.0000,NORDKLIM_1.0,1890,10,True,271.5967,215.4033,79.3100,1.0000,
1890-11,112.0000,NORDKLIM_1.0,1890,11,True,272.9300,-160.9300,-58.9638,0.0000,
1890-12,94.0000,NORDKLIM_1.0,1890,12,True,287.3700,-193.3700,-67.2896,0.0000,
1891-01,217.0000,NORDKLIM_1.0,1891,1,True,255.2767,-38.2767,-14.9942,0.0000,
1891-02,154.0000,NORDKLIM_1.0,1891,2,True,209.0933,-55.0933,-26.3487,0.0000,
1891-03,114.0000,NORDKLIM_1.0,1891,3,True,202.6067,-88.6067,-43.7333,0.0000,
1891-04,19.0000,NORDKLIM_1.0,1891,4,True,138.1867,-119.1867,-86.2505,0.0000,
1891-05,113.0000,NORDKLIM_1.0,1891,5,True,109.0367,3.9633,3.6349,1.0000,
1891-06,94.0000,NORDKLIM_1.0,1891,6,True,131.9733,-37.9733,-28.7735,0.0000,
1891-07,164.0000,NORDKLIM_1.0,1891,7,True,158.1300,5.8700,3.7121,1.0000,
1891-08,171.0000,NORDKLIM_1.0,1891,8,True,207.4200,-36.4200,-17.5586,0.0000,
1891-09,347.0000,NORDKLIM_1.0,1891,9,True,249.3800,97.6200,39.1451,1.0000,
1891-10,315.0000,NORDKLIM_1.0,1891,10,True,271.5967,43.4033,15.9808,1.0000,
1891-11,82.0000,NORDKLIM_1.0,1891,11,True,272.9300,-190.9300,-69.9557,0.0000,
1891-12,209.0000,NORDKLIM_1.0,1891,12,True,287.3700,-78.3700,-27.2715,0.0000,
1892-01,197.0000,NORDKLIM_1.0,1892,1,True,255.2767,-58.2767,-22.8288,0.0000,
1892-02,124.0000,NORDKLIM_1.0,1892,2,True,209.0933,-85.0933,-40.6963,0.0000,
1892-03,174.0000,NORDKLIM_1.0,1892,3,True,202.6067,-28.6067,-14.1193,0.0000,
1892-04,76.0000,NORDKLIM_1.0,1892,4,True,138.1867,-62.1867,-45.0019,0.0000,
1892-05,111.0000,NORDKLIM_1.0,1892,5,True,109.0367,1.9633,1.8006,1.0000,
1892-06,102.0000,NORDKLIM_1.0,1892,6,True,131.9733,-29.9733,-22.7117,0.0000,
1892-07,82.0000,NORDKLIM_1.0,1892,7,True,158.1300,-76.1300,-48.1439,0.0000,
1892-08,383.0000,NORDKLIM_1.0,1892,8,True,207.4200,175.5800,84.6495,1.0000,
1892-09,502.0000,NORDKLIM_1.0,1892,9,True,249.3800,252.6200,101.2992,1.0000,
1892-10,106.0000,NORDKLIM_1.0,1892,10,True,271.5967,-165.5967,-60.9715,0.0000,
1892-11,262.0000,NORDKLIM_1.0,1892,11,True,272.9300,-10.9300,-4.0047,0.0000,
1892-12,149.0000,NORDKLIM_1.0,1892,12,True,287.3700,-138.3700,-48.1505,0.0000,
1893-01,134.0000,NORDKLIM_1.0,1893,1,True,255.2767,-121.2767,-47.5079,0.0000,
1893-02,127.0000,NORDKLIM_1.0,1893,2,True,209.0933,-82.0933,-39.2616,0.0000,
1893-03,229.0000,NORDKLIM_1.0,1893,3,True,202.6067,26.3933,13.0269,1.0000,
1893-04,74.0000,NORDKLIM_1.0,1893,4,True,138.1867,-64.1867,-46.4492,0.0000,
1893-05,71.0000,NORDKLIM_1.0,1893,5,True,109.0367,-38.0367,-34.8843,0.0000,
1893-06,70.0000,NORDKLIM_1.0,1893,6,True,131.9733,-61.9733,-46.9590,0.0000,
1893-07,64.0000,NORDKLIM_1.0,1893,7,True,158.1300,-94.1300,-59.5270,0.0000,
1893-08,123.0000,NORDKLIM_1.0,1893,8,True,207.4200,-84.4200,-40.7000,0.0000,
1893-09,362.0000,NORDKLIM_1.0,1893,9,True,249.3800,112.6200,45.1600,1.0000,
1893-10,370.0000,NORDKLIM_1.0,1893,10,True,271.5967,98.4033,36.2314,1.0000,
1893-11,216.0000,NORDKLIM_1.0,1893,11,True,272.9300,-56.9300,-20.8588,0.0000,
1893-12,237.0000,NORDKLIM_1.0,1893,12,True,287.3700,-50.3700,-17.5279,0.0000,
1894-01,184.0000,NORDKLIM_1.0,1894,1,True,255.2767,-71.2767,-27.9213,0.0000,
1894-02,203.0000,NORDKLIM_1.0,1894,2,True,209.0933,-6.0933,-2.9142,0.0000,
1894-03,162.0000,NORDKLIM_1.0,1894,3,True,202.6067,-40.6067,-20.0421,0.0000,
1894-04,46.0000,NORDKLIM_1.0,1894,4,True,138.1867,-92.1867,-66.7117,0.0000,
1894-05,92.0000,NORDKLIM_1.0,1894,5,True,109.0367,-17.0367,-15.6247,0.0000,
1894-06,28.0000,NORDKLIM_1.0,1894,6,True,131.9733,-103.9733,-78.7836,0.0000,
1894-07,64.0000,NORDKLIM_1.0,1894,7,True,158.1300,-94.1300,-59.5270,0.0000,
1894-08,202.0000,NORDKLIM_1.0,1894,8,True,207.4200,-5.4200,-2.6131,0.0000,
1894-09,77.0000,NORDKLIM_1.0,1894,9,True,249.3800,-172.3800,-69.1234,0.0000,
1894-10,141.0000,NORDKLIM_1.0,1894,10,True,271.5967,-130.5967,-48.0848,0.0000,
1894-11,295.0000,NORDKLIM_1.0,1894,11,True,272.9300,22.0700,8.0863,1.0000,
1894-12,278.0000,NORDKLIM_1.0,1894,12,True,287.3700,-9.3700,-3.2606,0.0000,
1895-01,19.0000,NORDKLIM_1.0,1895,1,True,255.2767,-236.2767,-92.5571,0.0000,
1895-02,39.0000,NORDKLIM_1.0,1895,2,True,209.0933,-170.0933,-81.3480,0.0000,
1895-03,100.0000,NORDKLIM_1.0,1895,3,True,202.6067,-102.6067,-50.6433,0.0000,
1895-04,108.0000,NORDKLIM_1.0,1895,4,True,138.1867,-30.1867,-21.8448,0.0000,
1895-05,45.0000,NORDKLIM_1.0,1895,5,True,109.0367,-64.0367,-58.7295,0.0000,
1895-06,86.0000,NORDKLIM_1.0,1895,6,True,131.9733,-45.9733,-34.8353,0.0000,
1895-07,238.0000,NORDKLIM_1.0,1895,7,True,158.1300,79.8700,50.5091,1.0000,
1895-08,235.0000,NORDKLIM_1.0,1895,8,True,207.4200,27.5800,13.2967,1.0000,
1895-09,166.0000,NORDKLIM_1.0,1895,9,True,249.3800,-83.3800,-33.4349,0.0000,
1895-10,177.0000,NORDKLIM_1.0,1895,10,True,271.5967,-94.5967,-34.8298,0.0000,
1895-11,206.0000,NORDKLIM_1.0,1895,11,True,272.9300,-66.9300,-24.5228,0.0000,
1895-12,143.2000,UiB_Ekte_data,1895,12,False,287.3700,-144.1700,-50.1688,0.0000,
1896-01,322.7400,UiB_Ekte_data,1896,1,False,255.2767,67.4633,26.4275,1.0000,
1896-02,258.0100,UiB_Ekte_data,1896,2,False,209.0933,48.9167,23.3947,1.0000,
1896-03,243.6500,UiB_Ekte_data,1896,3,False,202.6067,41.0433,20.2576,1.0000,
1896-04,179.1400,UiB_Ekte_data,1896,4,False,138.1867,40.9533,29.6362,1.0000,
1896-05,71.9100,UiB_Ekte_data,1896,5,False,109.0367,-37.1267,-34.0497,0.0000,
1896-06,112.0200,UiB_Ekte_data,1896,6,False,131.9733,-19.9533,-15.1192,0.0000,
1896-07,117.5400,UiB_Ekte_data,1896,7,False,158.1300,-40.5900,-25.6688,0.0000,
1896-08,133.1700,UiB_Ekte_data,1896,8,False,207.4200,-74.2500,-35.7969,0.0000,
1896-09,204.5900,UiB_Ekte_data,1896,9,False,249.3800,-44.7900,-17.9605,0.0000,
1896-10,201.5600,UiB_Ekte_data,1896,10,False,271.5967,-70.0367,-25.7870,0.0000,
1896-11,220.2300,UiB_Ekte_data,1896,11,False,272.9300,-52.7000,-19.3090,0.0000,
1896-12,139.9100,UiB_Ekte_data,1896,12,False,287.3700,-147.4600,-51.3136,0.0000,
1897-01,54.2000,UiB_Ekte_data,1897,1,False,255.2767,-201.0767,-78.7681,0.0000,
1897-02,247.3600,UiB_Ekte_data,1897,2,False,209.0933,38.2667,18.3012,1.0000,
1897-03,87.8800,UiB_Ekte_data,1897,3,False,202.6067,-114.7267,-56.6253,0.0000,
1897-04,90.6500,UiB_Ekte_data,1897,4,False,138.1867,-47.5367,-34.4003,0.0000,
1897-05,96.1300,UiB_Ekte_data,1897,5,False,109.0367,-12.9067,-11.8370,0.0000,
1897-06,97.9900,UiB_Ekte_data,1897,6,False,131.9733,-33.9833,-25.7502,0.0000,
1897-07,215.0200,UiB_Ekte_data,1897,7,False,158.1300,56.8900,35.9767,1.0000,
1897-08,185.9200,UiB_Ekte_data,1897,8,False,207.4200,-21.5000,-10.3654,0.0000,
1897-09,257.1200,UiB_Ekte_data,1897,9,False,249.3800,7.7400,3.1037,1.0000,
1897-10,272.1400,UiB_Ekte_data,1897,10,False,271.5967,0.5433,0.2001,1.0000,
1897-11,230.3000,UiB_Ekte_data,1897,11,False,272.9300,-42.6300,-15.6194,0.0000,
1897-12,199.7300,UiB_Ekte_data,1897,12,False,287.3700,-87.6400,-30.4973,0.0000,
1898-01,402.6900,UiB_Ekte_data,1898,1,False,255.2767,147.4133,57.7465,1.0000,
1898-02,153.8300,UiB_Ekte_data,1898,2,False,209.0933,-55.2633,-26.4300,0.0000,
1898-03,147.0100,UiB_Ekte_data,1898,3,False,202.6067,-55.5967,-27.4407,0.0000,
1898-04,71.3700,UiB_Ekte_data,1898,4,False,138.1867,-66.8167,-48.3525,0.0000,
1898-05,167.0300,UiB_Ekte_data,1898,5,False,109.0367,57.9933,53.1870,1.0000,
1898-06,68.5000,UiB_Ekte_data,1898,6,False,131.9733,-63.4733,-48.0956,0.0000,
1898-07,179.7500,UiB_Ekte_data,1898,7,False,158.1300,21.6200,13.6723,1.0000,
1898-08,314.6300,UiB_Ekte_data,1898,8,False,207.4200,107.2100,51.6874,1.0000,
1898-09,153.8100,UiB_Ekte_data,1898,9,False,249.3800,-95.5700,-38.3230,0.0000,
1898-10,240.8000,UiB_Ekte_data,1898,10,False,271.5967,-30.7967,-11.3391,0.0000,
1898-11,164.0000,UiB_Ekte_data,1898,11,False,272.9300,-108.9300,-39.9113,0.0000,
1898-12,338.4500,UiB_Ekte_data,1898,12,False,287.3700,51.0800,17.7750,1.0000,
1899-01,240.0000,UiB_Ekte_data,1899,1,False,255.2767,-15.2767,-5.9844,0.0000,
1899-02,168.9100,UiB_Ekte_data,1899,2,False,209.0933,-40.1833,-19.2179,0.0000,
1899-03,318.0600,UiB_Ekte_data,1899,3,False,202.6067,115.4533,56.9840,1.0000,
1899-04,136.7300,UiB_Ekte_data,1899,4,False,138.1867,-1.4567,-1.0541,0.0000,
1899-05,99.6100,UiB_Ekte_data,1899,5,False,109.0367,-9.4267,-8.6454,0.0000,
1899-06,51.0300,UiB_Ekte_data,1899,6,False,131.9733,-80.9433,-61.3331,0.0000,
1899-07,189.6300,UiB_Ekte_data,1899,7,False,158.1300,31.5000,19.9203,1.0000,
1899-08,55.7500,UiB_Ekte_data,1899,8,False,207.4200,-151.6700,-73.1222,0.0000,
1899-09,176.1400,UiB_Ekte_data,1899,9,False,249.3800,-73.2400,-29.3688,0.0000,
1899-10,396.4500,UiB_Ekte_data,1899,10,False,271.5967,124.8533,45.9701,1.0000,
1899-11,458.8600,UiB_Ekte_data,1899,11,False,272.9300,185.9300,68.1237,1.0000,
1899-12,44.5700,UiB_Ekte_data,1899,12,False,287.3700,-242.8000,-84.4904,0.0000,
1900-01,129.8900,UiB_Ekte_data,1900,1,False,255.2767,-125.3867,-49.1180,0.0000,
1900-02,39.9000,UiB_Ekte_data,1900,2,False,209.0933,-169.1933,-80.9176,0.0000,
1900-03,89.4200,UiB_Ekte_data,1900,3,False,202.6067,-113.1867,-55.8652,0.0000,
1900-04,122.6200,UiB_Ekte_data,1900,4,False,138.1867,-15.5667,-11.2650,0.0000,
1900-05,95.8500,UiB_Ekte_data,1900,5,False,109.0367,-13.1867,-12.0938,0.0000,
1900-06,16.2000,UiB_Ekte_data,1900,6,False,131.9733,-115.7733,-87.7248,0.0000,
1900-07,127.2300,UiB_Ekte_data,1900,7,False,158.1300,-30.9000,-19.5409,0.0000,
1900-08,166.9700,UiB_Ekte_data,1900,8,False,207.4200,-40.4500,-19.5015,0.0000,
1900-09,289.7400,UiB_Ekte_data,1900,9,False,249.3800,40.3600,16.1841,1.0000,
1900-10,297.3800,UiB_Ekte_data,1900,10,False,271.5967,25.7833,9.4932,1.0000,
1900-11,186.2500,UiB_Ekte_data,1900,11,False,272.9300,-86.6800,-31.7591,0.0000,
1900-12,393.6200,UiB_Ekte_data,1900,12,False,287.3700,106.2500,36.9732,1.0000,
1901-01,125.0200,UiB_Ekte_data,1901,1,False,255.2767,-130.2567,-51.0257,0.0000,
1901-02,92.9800,UiB_Ekte_data,1901,2,False,209.0933,-116.1133,-55.5318,0.0000,
1901-03,118.7100,UiB_Ekte_data,1901,3,False,202.6067,-83.8967,-41.4086,0.0000,
1901-04,122.4300,UiB_Ekte_data,1901,4,False,138.1867,-15.7567,-11.4025,0.0000,
1901-05,88.7900,UiB_Ekte_data,1901,5,False,109.0367,-20.2467,-18.5687,0.0000,
1901-06,127.6700,UiB_Ekte_data,1901,6,False,131.9733,-4.3033,-3.2608,0.0000,
1901-07,18.5100,UiB_Ekte_data,1901,7,False,158.1300,-139.6200,-88.2944,0.0000,
1901-08,271.4500,UiB_Ekte_data,1901,8,False,207.4200,64.0300,30.8697,1.0000,
1901-09,224.4200,UiB_Ekte_data,1901,9,False,249.3800,-24.9600,-10.0088,0.0000,
1901-10,295.7600,UiB_Ekte_data,1901,10,False,271.5967,24.1633,8.8968,1.0000,
1901-11,168.4000,UiB_Ekte_data,1901,11,False,272.9300,-104.5300,-38.2992,0.0000,
1901-12,213.5200,UiB_Ekte_data,1901,12,False,287.3700,-73.8500,-25.6986,0.0000,
1902-01,350.1100,UiB_Ekte_data,1902,1,False,255.2767,94.8333,37.1492,1.0000,
1902-02,90.0100,UiB_Ekte_data,1902,2,False,209.0933,-119.0833,-56.9522,0.0000,
1902-03,182.3600,UiB_Ekte_data,1902,3,False,202.6067,-20.2467,-9.9931,0.0000,
1902-04,32.0700,UiB_Ekte_data,1902,4,False,138.1867,-106.1167,-76.7923,0.0000,
1902-05,157.9500,UiB_Ekte_data,1902,5,False,109.0367,48.9133,44.8595,1.0000,
1902-06,17.5500,UiB_Ekte_data,1902,6,False,131.9733,-114.4233,-86.7019,0.0000,
1902-07,155.4300,UiB_Ekte_data,1902,7,False,158.1300,-2.7000,-1.7075,0.0000,
1902-08,115.2300,UiB_Ekte_data,1902,8,False,207.4200,-92.1900,-44.4461,0.0000,
1902-09,118.1400,UiB_Ekte_data,1902,9,False,249.3800,-131.2400,-52.6265,0.0000,
1902-10,237.7500,UiB_Ekte_data,1902,10,False,271.5967,-33.8467,-12.4621,0.0000,
1902-11,70.6900,UiB_Ekte_data,1902,11,False,272.9300,-202.2400,-74.0996,0.0000,
1902-12,192.7000,UiB_Ekte_data,1902,12,False,287.3700,-94.6700,-32.9436,0.0000,
1903-01,166.0200,UiB_Ekte_data,1903,1,False,255.2767,-89.2567,-34.9647,0.0000,
1903-02,296.7400,UiB_Ekte_data,1903,2,False,209.0933,87.6467,41.9175,1.0000,
1903-03,295.9100,UiB_Ekte_data,1903,3,False,202.6067,93.3033,46.0515,1.0000,
1903-04,106.3500,UiB_Ekte_data,1903,4,False,138.1867,-31.8367,-23.0389,0.0000,
1903-05,166.2100,UiB_Ekte_data,1903,5,False,109.0367,57.1733,52.4350,1.0000,
1903-06,46.0600,UiB_Ekte_data,1903,6,False,131.9733,-85.9133,-65.0990,0.0000,
1903-07,153.0100,UiB_Ekte_data,1903,7,False,158.1300,-5.1200,-3.2378,0.0000,
1903-08,286.9400,UiB_Ekte_data,1903,8,False,207.4200,79.5200,38.3377,1.0000,
1903-09,90.8000,UiB_Ekte_data,1903,9,False,249.3800,-158.5800,-63.5897,0.0000,
1903-10,206.3200,UiB_Ekte_data,1903,10,False,271.5967,-65.2767,-24.0344,0.0000,
1903-11,264.9100,UiB_Ekte_data,1903,11,False,272.9300,-8.0200,-2.9385,0.0000,
1903-12,82.3800,UiB_Ekte_data,1903,12,False,287.3700,-204.9900,-71.3331,0.0000,
1904-01,179.5400,UiB_Ekte_data,1904,1,False,255.2767,-75.7367,-29.6685,0.0000,
1904-02,48.5500,UiB_Ekte_data,1904,2,False,209.0933,-160.5433,-76.7807,0.0000,
1904-03,87.2900,UiB_Ekte_data,1904,3,False,202.6067,-115.3167,-56.9165,0.0000,
1904-04,184.2900,UiB_Ekte_data,1904,4,False,138.1867,46.1033,33.3631,1.0000,
1904-05,104.5500,UiB_Ekte_data,1904,5,False,109.0367,-4.4867,-4.1148,0.0000,
1904-06,97.0000,UiB_Ekte_data,1904,6,False,131.9733,-34.9733,-26.5003,0.0000,
1904-07,142.2100,UiB_Ekte_data,1904,7,False,158.1300,-15.9200,-10.0677,0.0000,
1904-08,124.4000,UiB_Ekte_data,1904,8,False,207.4200,-83.0200,-40.0251,0.0000,
1904-09,118.1500,UiB_Ekte_data,1904,9,False,249.3800,-131.2300,-52.6225,0.0000,
1904-10,299.2000,UiB_Ekte_data,1904,10,False,271.5967,27.6033,10.1634,1.0000,
1904-11,205.0000,UiB_Ekte_data,1904,11,False,272.9300,-67.9300,-24.8892,0.0000,
1904-12,252.3700,UiB_Ekte_data,1904,12,False,287.3700,-35.0000,-12.1794,0.0000,
1905-01,280.7500,UiB_Ekte_data,1905,1,False,255.2767,25.4733,9.9787,1.0000,
1905-02,162.7100,UiB_Ekte_data,1905,2,False,209.0933,-46.3833,-22.1831,0.0000,
1905-03,73.4800,UiB_Ekte_data,1905,3,False,202.6067,-129.1267,-63.7327,0.0000,
1905-04,119.4400,UiB_Ekte_data,1905,4,False,138.1867,-18.7467,-13.5662,0.0000,
1905-05,147.4900,UiB_Ekte_data,1905,5,False,109.0367,38.4533,35.2664,1.0000,
1905-06,57.4000,UiB_Ekte_data,1905,6,False,131.9733,-74.5733,-56.5064,0.0000,
1905-07,182.7800,UiB_Ekte_data,1905,7,False,158.1300,24.6500,15.5884,1.0000,
1905-08,179.9700,UiB_Ekte_data,1905,8,False,207.4200,-27.4500,-13.2340,0.0000,
1905-09,261.1100,UiB_Ekte_data,1905,9,False,249.3800,11.7300,4.7037,1.0000,
1905-10,99.2600,UiB_Ekte_data,1905,10,False,271.5967,-172.3367,-63.4532,0.0000,
1905-11,137.8900,UiB_Ekte_data,1905,11,False,272.9300,-135.0400,-49.4779,0.0000,
1905-12,280.6400,UiB_Ekte_data,1905,12,False,287.3700,-6.7300,-2.3419,0.0000,
1906-01,252.1500,UiB_Ekte_data,1906,1,False,255.2767,-3.1267,-1.2248,0.0000,
1906-02,138.6500,UiB_Ekte_data,1906,2,False,209.0933,-70.4433,-33.6899,0.0000,
1906-03,193.3500,UiB_Ekte_data,1906,3,False,202.6067,-9.2567,-4.5688,0.0000,
1906-04,100.2400,UiB_Ekte_data,1906,4,False,138.1867,-37.9467,-27.4604,0.0000,
1906-05,123.7600,UiB_Ekte_data,1906,5,False,109.0367,14.7233,13.5031,1.0000,
1906-06,80.4900,UiB_Ekte_data,1906,6,False,131.9733,-51.4833,-39.0104,0.0000,
1906-07,169.7200,UiB_Ekte_data,1906,7,False,158.1300,11.5900,7.3294,1.0000,
1906-08,175.3300,UiB_Ekte_data,1906,8,False,207.4200,-32.0900,-15.4710,0.0000,
1906-09,166.8100,UiB_Ekte_data,1906,9,False,249.3800,-82.5700,-33.1101,0.0000,
1906-10,269.5200,UiB_Ekte_data,1906,10,False,271.5967,-2.0767,-0.7646,0.0000,
1906-11,195.4000,UiB_Ekte_data,1906,11,False,272.9300,-77.5300,-28.4066,0.0000,
1906-12,189.7900,UiB_Ekte_data,1906,12,False,287.3700,-97.5800,-33.9562,0.0000,
1907-01,317.7500,UiB_Ekte_data,1907,1,False,255.2767,62.4733,24.4728,1.0000,
1907-02,132.1700,UiB_Ekte_data,1907,2,False,209.0933,-76.9233,-36.7890,0.0000,
1907-03,203.4900,UiB_Ekte_data,1907,3,False,202.6067,0.8833,0.4360,1.0000,
1907-04,80.4900,UiB_Ekte_data,1907,4,False,138.1867,-57.6967,-41.7527,0.0000,
1907-05,80.8100,UiB_Ekte_data,1907,5,False,109.0367,-28.2267,-25.8873,0.0000,
1907-06,92.0400,UiB_Ekte_data,1907,6,False,131.9733,-39.9333,-30.2586,0.0000,
1907-07,102.7200,UiB_Ekte_data,1907,7,False,158.1300,-55.4100,-35.0408,0.0000,
1907-08,194.4300,UiB_Ekte_data,1907,8,False,207.4200,-12.9900,-6.2627,0.0000,
1907-09,249.5600,UiB_Ekte_data,1907,9,False,249.3800,0.1800,0.0722,1.0000,
1907-10,236.1800,UiB_Ekte_data,1907,10,False,271.5967,-35.4167,-13.0402,0.0000,
1907-11,111.0300,UiB_Ekte_data,1907,11,False,272.9300,-161.9000,-59.3192,0.0000,
1907-12,103.9000,UiB_Ekte_data,1907,12,False,287.3700,-183.4700,-63.8445,0.0000,
1908-01,385.6200,UiB_Ekte_data,1908,1,False,255.2767,130.3433,51.0596,1.0000,
1908-02,268.2300,UiB_Ekte_data,1908,2,False,209.0933,59.1367,28.2824,1.0000,
1908-03,47.2600,UiB_Ekte_data,1908,3,False,202.6067,-155.3467,-76.6740,0.0000,
1908-04,70.8900,UiB_Ekte_data,1908,4,False,138.1867,-67.2967,-48.6998,0.0000,
1908-05,79.4100,UiB_Ekte_data,1908,5,False,109.0367,-29.6267,-27.1713,0.0000,
1908-06,130.7700,UiB_Ekte_data,1908,6,False,131.9733,-1.2033,-0.9118,0.0000,
1908-07,89.3400,UiB_Ekte_data,1908,7,False,158.1300,-68.7900,-43.5022,0.0000,
1908-08,212.7700,UiB_Ekte_data,1908,8,False,207.4200,5.3500,2.5793,1.0000,
1908-09,94.4100,UiB_Ekte_data,1908,9,False,249.3800,-154.9700,-62.1421,0.0000,
1908-10,78.9800,UiB_Ekte_data,1908,10,False,271.5967,-192.6167,-70.9201,0.0000,
1908-11,238.4500,UiB_Ekte_data,1908,11,False,272.9300,-34.4800,-12.6333,0.0000,
1908-12,294.7700,UiB_Ekte_data,1908,12,False,287.3700,7.4000,2.5751,1.0000,
1909-01,249.2400,UiB_Ekte_data,1909,1,False,255.2767,-6.0367,-2.3648,0.0000,
1909-02,125.9100,UiB_Ekte_data,1909,2,False,209.0933,-83.1833,-39.7829,0.0000,
1909-03,25.0300,UiB_Ekte_data,1909,3,False,202.6067,-177.5767,-87.6460,0.0000,
1909-04,116.8500,UiB_Ekte_data,1909,4,False,138.1867,-21.3367,-15.4405,0.0000,
1909-05,109.4100,UiB_Ekte_data,1909,5,False,109.0367,0.3733,0.3424,1.0000,
1909-06,66.5700,UiB_Ekte_data,1909,6,False,131.9733,-65.4033,-49.5580,0.0000,
1909-07,107.1400,UiB_Ekte_data,1909,7,False,158.1300,-50.9900,-32.2456,0.0000,
1909-08,329.7300,UiB_Ekte_data,1909,8,False,207.4200,122.3100,58.9673,1.0000,
1909-09,82.3200,UiB_Ekte_data,1909,9,False,249.3800,-167.0600,-66.9901,0.0000,
1909-10,364.1500,UiB_Ekte_data,1909,10,False,271.5967,92.5533,34.0775,1.0000,
1909-11,245.7900,UiB_Ekte_data,1909,11,False,272.9300,-27.1400,-9.9439,0.0000,
1909-12,248.5900,UiB_Ekte_data,1909,12,False,287.3700,-38.7800,-13.4948,0.0000,
1910-01,195.2900,UiB_Ekte_data,1910,1,False,255.2767,-59.9867,-23.4987,0.0000,
1910-02,224.7500,UiB_Ekte_data,1910,2,False,209.0933,15.6567,7.4879,1.0000,
1910-03,142.1000,UiB_Ekte_data,1910,3,False,202.6067,-60.5067,-29.8641,0.0000,
1910-04,187.4200,UiB_Ekte_data,1910,4,False,138.1867,49.2333,35.6281,1.0000,
1910-05,146.6300,UiB_Ekte_data,1910,5,False,109.0367,37.5933,34.4777,1.0000,
1910-06,174.5800,UiB_Ekte_data,1910,6,False,131.9733,42.6067,32.2843,1.0000,
1910-07,19.5300,UiB_Ekte_data,1910,7,False,158.1300,-138.6000,-87.6494,0.0000,
1910-08,92.7900,UiB_Ekte_data,1910,8,False,207.4200,-114.6300,-55.2647,0.0000,
1910-09,252.8000,UiB_Ekte_data,1910,9,False,249.3800,3.4200,1.3714,1.0000,
1910-10,139.7300,UiB_Ekte_data,1910,10,False,271.5967,-131.8667,-48.5524,0.0000,
1910-11,71.8600,UiB_Ekte_data,1910,11,False,272.9300,-201.0700,-73.6709,0.0000,
1910-12,167.9900,UiB_Ekte_data,1910,12,False,287.3700,-119.3800,-41.5423,0.0000,
1911-01,280.3100,UiB_Ekte_data,1911,1,False,255.2767,25.0333,9.8064,1.0000,
1911-02,294.3400,UiB_Ekte_data,1911,2,False,209.0933,85.2467,40.7697,1.0000,
1911-03,75.8500,UiB_Ekte_data,1911,3,False,202.6067,-126.7567,-62.5629,0.0000,
1911-04,191.0800,UiB_Ekte_data,1911,4,False,138.1867,52.8933,38.2767,1.0000,
1911-05,63.5500,UiB_Ekte_data,1911,5,False,109.0367,-45.4867,-41.7169,0.0000,
1911-06,171.8800,UiB_Ekte_data,1911,6,False,131.9733,39.9067,30.2384,1.0000,
1911-07,81.7900,UiB_Ekte_data,1911,7,False,158.1300,-76.3400,-48.2767,0.0000,
1911-08,107.6800,UiB_Ekte_data,1911,8,False,207.4200,-99.7400,-48.0860,0.0000,
1911-09,413.4600,UiB_Ekte_data,1911,9,False,249.3800,164.0800,65.7952,1.0000,
1911-10,108.5400,UiB_Ekte_data,1911,10,False,271.5967,-163.0567,-60.0363,0.0000,
1911-11,223.9900,UiB_Ekte_data,1911,11,False,272.9300,-48.9400,-17.9313,0.0000,
1911-12,128.9400,UiB_Ekte_data,1911,12,False,287.3700,-158.4300,-55.1310,0.0000,
1912-01,107.7900,UiB_Ekte_data,1912,1,False,255.2767,-147.4867,-57.7752,0.0000,
1912-02,163.3500,UiB_Ekte_data,1912,2,False,209.0933,-45.7433,-21.8770,0.0000,
1912-03,181.1600,UiB_Ekte_data,1912,3,False,202.6067,-21.4467,-10.5854,0.0000,
1912-04,108.3300,UiB_Ekte_data,1912,4,False,138.1867,-29.8567,-21.6060,0.0000,
1912-05,118.9000,UiB_Ekte_data,1912,5,False,109.0367,9.8633,9.0459,1.0000,
1912-06,58.9100,UiB_Ekte_data,1912,6,False,131.9733,-73.0633,-55.3622,0.0000,
1912-07,143.9300,UiB_Ekte_data,1912,7,False,158.1300,-14.2000,-8.9800,0.0000,
1912-08,198.2100,UiB_Ekte_data,1912,8,False,207.4200,-9.2100,-4.4403,0.0000,
1912-09,94.4100,UiB_Ekte_data,1912,9,False,249.3800,-154.9700,-62.1421,0.0000,
1912-10,258.0900,UiB_Ekte_data,1912,10,False,271.5967,-13.5067,-4.9731,0.0000,
1912-11,331.0300,UiB_Ekte_data,1912,11,False,272.9300,58.1000,21.2875,1.0000,
1912-12,364.8000,UiB_Ekte_data,1912,12,False,287.3700,77.4300,26.9444,1.0000,
1913-01,127.5300,UiB_Ekte_data,1913,1,False,255.2767,-127.7467,-50.0424,0.0000,
1913-02,189.2500,UiB_Ekte_data,1913,2,False,209.0933,-19.8433,-9.4902,0.0000,
1913-03,228.0900,UiB_Ekte_data,1913,3,False,202.6067,25.4833,12.5777,1.0000,
1913-04,74.5600,UiB_Ekte_data,1913,4,False,138.1867,-63.6267,-46.0440,0.0000,
1913-05,111.2400,UiB_Ekte_data,1913,5,False,109.0367,2.2033,2.0207,1.0000,
1913-06,90.2000,UiB_Ekte_data,1913,6,False,131.9733,-41.7733,-31.6529,0.0000,
1913-07,31.9400,UiB_Ekte_data,1913,7,False,158.1300,-126.1900,-79.8014,0.0000,
1913-08,70.6700,UiB_Ekte_data,1913,8,False,207.4200,-136.7500,-65.9290,0.0000,
1913-09,99.1600,UiB_Ekte_data,1913,9,False,249.3800,-150.2200,-60.2374,0.0000,
1913-10,294.9900,UiB_Ekte_data,1913,10,False,271.5967,23.3933,8.6133,1.0000,
1913-11,339.4400,UiB_Ekte_data,1913,11,False,272.9300,66.5100,24.3689,1.0000,
1913-12,346.9900,UiB_Ekte_data,1913,12,False,287.3700,59.6200,20.7468,1.0000,
1914-01,295.6400,UiB_Ekte_data,1914,1,False,255.2767,40.3633,15.8116,1.0000,
1914-02,186.1200,UiB_Ekte_data,1914,2,False,209.0933,-22.9733,-10.9871,0.0000,
1914-03,169.4000,UiB_Ekte_data,1914,3,False,202.6067,-33.2067,-16.3897,0.0000,
1914-04,231.5500,UiB_Ekte_data,1914,4,False,138.1867,93.3633,67.5632,1.0000,
1914-05,98.1900,UiB_Ekte_data,1914,5,False,109.0367,-10.8467,-9.9477,0.0000,
1914-06,54.0600,UiB_Ekte_data,1914,6,False,131.9733,-77.9133,-59.0372,0.0000,
1914-07,100.4500,UiB_Ekte_data,1914,7,False,158.1300,-57.6800,-36.4763,0.0000,
1914-08,133.0400,UiB_Ekte_data,1914,8,False,207.4200,-74.3800,-35.8596,0.0000,
1914-09,263.0500,UiB_Ekte_data,1914,9,False,249.3800,13.6700,5.4816,1.0000,
1914-10,93.4400,UiB_Ekte_data,1914,10,False,271.5967,-178.1567,-65.5960,0.0000,
1914-11,251.8300,UiB_Ekte_data,1914,11,False,272.9300,-21.1000,-7.7309,0.0000,
1914-12,205.0000,UiB_Ekte_data,1914,12,False,287.3700,-82.3700,-28.6634,0.0000,
1915-01,151.5900,UiB_Ekte_data,1915,1,False,255.2767,-103.6867,-40.6174,0.0000,
1915-02,126.2400,UiB_Ekte_data,1915,2,False,209.0933,-82.8533,-39.6250,0.0000,
1915-03,127.4300,UiB_Ekte_data,1915,3,False,202.6067,-75.1767,-37.1047,0.0000,
1915-04,203.8200,UiB_Ekte_data,1915,4,False,138.1867,65.6333,47.4961,1.0000,
1915-05,46.0700,UiB_Ekte_data,1915,5,False,109.0367,-62.9667,-57.7482,0.0000,
1915-06,77.5800,UiB_Ekte_data,1915,6,False,131.9733,-54.3933,-41.2154,0.0000,
1915-07,170.8000,UiB_Ekte_data,1915,7,False,158.1300,12.6700,8.0124,1.0000,
1915-08,190.6500,UiB_Ekte_data,1915,8,False,207.4200,-16.7700,-8.0850,0.0000,
1915-09,89.9900,UiB_Ekte_data,1915,9,False,249.3800,-159.3900,-63.9145,0.0000,
1915-10,31.9400,UiB_Ekte_data,1915,10,False,271.5967,-239.6567,-88.2399,0.0000,
1915-11,146.9500,UiB_Ekte_data,1915,11,False,272.9300,-125.9800,-46.1584,0.0000,
1915-12,124.3000,UiB_Ekte_data,1915,12,False,287.3700,-163.0700,-56.7457,0.0000,
1916-01,347.2100,UiB_Ekte_data,1916,1,False,255.2767,91.9333,36.0132,1.0000,
1916-02,155.8000,UiB_Ekte_data,1916,2,False,209.0933,-53.2933,-25.4878,0.0000,
1916-03,81.7900,UiB_Ekte_data,1916,3,False,202.6067,-120.8167,-59.6311,0.0000,
1916-04,157.6400,UiB_Ekte_data,1916,4,False,138.1867,19.4533,14.0776,1.0000,
1916-05,47.0400,UiB_Ekte_data,1916,5,False,109.0367,-61.9967,-56.8585,0.0000,
1916-06,106.2800,UiB_Ekte_data,1916,6,False,131.9733,-25.6933,-19.4686,0.0000,
1916-07,129.6900,UiB_Ekte_data,1916,7,False,158.1300,-28.4400,-17.9852,0.0000,
1916-08,100.7800,UiB_Ekte_data,1916,8,False,207.4200,-106.6400,-51.4126,0.0000,
1916-09,133.9000,UiB_Ekte_data,1916,9,False,249.3800,-115.4800,-46.3068,0.0000,
1916-10,305.1300,UiB_Ekte_data,1916,10,False,271.5967,33.5333,12.3467,1.0000,
1916-11,294.3400,UiB_Ekte_data,1916,11,False,272.9300,21.4100,7.8445,1.0000,
1916-12,196.5900,UiB_Ekte_data,1916,12,False,287.3700,-90.7800,-31.5899,0.0000,
1917-01,26.7600,UiB_Ekte_data,1917,1,False,255.2767,-228.5167,-89.5173,0.0000,
1917-02,129.9100,UiB_Ekte_data,1917,2,False,209.0933,-79.1833,-37.8699,0.0000,
1917-03,129.4800,UiB_Ekte_data,1917,3,False,202.6067,-73.1267,-36.0929,0.0000,
1917-04,94.0900,UiB_Ekte_data,1917,4,False,138.1867,-44.0967,-31.9109,0.0000,
1917-05,90.0900,UiB_Ekte_data,1917,5,False,109.0367,-18.9467,-17.3764,0.0000,
1917-06,161.7400,UiB_Ekte_data,1917,6,False,131.9733,29.7667,22.5551,1.0000,
1917-07,34.5300,UiB_Ekte_data,1917,7,False,158.1300,-123.6000,-78.1635,0.0000,
1917-08,320.1300,UiB_Ekte_data,1917,8,False,207.4200,112.7100,54.3390,1.0000,
1917-09,481.0000,UiB_Ekte_data,1917,9,False,249.3800,231.6200,92.8783,1.0000,
1917-10,338.3600,UiB_Ekte_data,1917,10,False,271.5967,66.7633,24.5818,1.0000,
1917-11,380.8700,UiB_Ekte_data,1917,11,False,272.9300,107.9400,39.5486,1.0000,
1917-12,451.2200,UiB_Ekte_data,1917,12,False,287.3700,163.8500,57.0171,1.0000,
1918-01,299.3000,UiB_Ekte_data,1918,1,False,255.2767,44.0233,17.2453,1.0000,
1918-02,168.5300,UiB_Ekte_data,1918,2,False,209.0933,-40.5633,-19.3996,0.0000,
1918-03,136.8100,UiB_Ekte_data,1918,3,False,202.6067,-65.7967,-32.4751,0.0000,
1918-04,3.9900,UiB_Ekte_data,1918,4,False,138.1867,-134.1967,-97.1126,0.0000,
1918-05,38.3000,UiB_Ekte_data,1918,5,False,109.0367,-70.7367,-64.8742,0.0000,
1918-06,144.9000,UiB_Ekte_data,1918,6,False,131.9733,12.9267,9.7949,1.0000,
1918-07,94.6200,UiB_Ekte_data,1918,7,False,158.1300,-63.5100,-40.1632,0.0000,
1918-08,289.5900,UiB_Ekte_data,1918,8,False,207.4200,82.1700,39.6153,1.0000,
1918-09,236.4000,UiB_Ekte_data,1918,9,False,249.3800,-12.9800,-5.2049,0.0000,
1918-10,452.7300,UiB_Ekte_data,1918,10,False,271.5967,181.1333,66.6920,1.0000,
1918-11,143.8300,UiB_Ekte_data,1918,11,False,272.9300,-129.1000,-47.3015,0.0000,
1918-12,184.1800,UiB_Ekte_data,1918,12,False,287.3700,-103.1900,-35.9084,0.0000,
1919-01,115.3400,UiB_Ekte_data,1919,1,False,255.2767,-139.9367,-54.8176,0.0000,
1919-02,24.0600,UiB_Ekte_data,1919,2,False,209.0933,-185.0333,-88.4932,0.0000,
1919-03,124.4000,UiB_Ekte_data,1919,3,False,202.6067,-78.2067,-38.6002,0.0000,
1919-04,218.7100,UiB_Ekte_data,1919,4,False,138.1867,80.5233,58.2714,1.0000,
1919-05,33.4500,UiB_Ekte_data,1919,5,False,109.0367,-75.5867,-69.3222,0.0000,
1919-06,141.9900,UiB_Ekte_data,1919,6,False,131.9733,10.0167,7.5899,1.0000,
1919-07,44.0200,UiB_Ekte_data,1919,7,False,158.1300,-114.1100,-72.1621,0.0000,
1919-08,320.4500,UiB_Ekte_data,1919,8,False,207.4200,113.0300,54.4933,1.0000,
1919-09,470.5400,UiB_Ekte_data,1919,9,False,249.3800,221.1600,88.6839,1.0000,
1919-10,148.4700,UiB_Ekte_data,1919,10,False,271.5967,-123.1267,-45.3344,0.0000,
1919-11,152.8900,UiB_Ekte_data,1919,11,False,272.9300,-120.0400,-43.9820,0.0000,
1919-12,109.9500,UiB_Ekte_data,1919,12,False,287.3700,-177.4200,-61.7392,0.0000,
1920-01,377.8500,UiB_Ekte_data,1920,1,False,255.2767,122.5733,48.0159,1.0000,
1920-02,362.5300,UiB_Ekte_data,1920,2,False,209.0933,153.4367,73.3819,1.0000,
1920-03,326.2800,UiB_Ekte_data,1920,3,False,202.6067,123.6733,61.0411,1.0000,
1920-04,179.4300,UiB_Ekte_data,1920,4,False,138.1867,41.2433,29.8461,1.0000,
1920-05,192.3800,UiB_Ekte_data,1920,5,False,109.0367,83.3433,76.4361,1.0000,
1920-06,107.2500,UiB_Ekte_data,1920,6,False,131.9733,-24.7233,-18.7336,0.0000,
1920-07,270.1700,UiB_Ekte_data,1920,7,False,158.1300,112.0400,70.8531,1.0000,
1920-08,85.0200,UiB_Ekte_data,1920,8,False,207.4200,-122.4000,-59.0107,0.0000,
1920-09,156.8800,UiB_Ekte_data,1920,9,False,249.3800,-92.5000,-37.0920,0.0000,
1920-10,14.4600,UiB_Ekte_data,1920,10,False,271.5967,-257.1367,-94.6759,0.0000,
1920-11,294.8800,UiB_Ekte_data,1920,11,False,272.9300,21.9500,8.0424,1.0000,
1920-12,136.9200,UiB_Ekte_data,1920,12,False,287.3700,-150.4500,-52.3541,0.0000,
1921-01,415.5100,UiB_Ekte_data,1921,1,False,255.2767,160.2333,62.7685,1.0000,
1921-02,236.6200,UiB_Ekte_data,1921,2,False,209.0933,27.5267,13.1648,1.0000,
1921-03,405.2600,UiB_Ekte_data,1921,3,False,202.6067,202.6533,100.0230,1.0000,
1921-04,136.6000,UiB_Ekte_data,1921,4,False,138.1867,-1.5867,-1.1482,0.0000,
1921-05,233.8100,UiB_Ekte_data,1921,5,False,109.0367,124.7733,114.4325,1.0000,
1921-06,79.3000,UiB_Ekte_data,1921,6,False,131.9733,-52.6733,-39.9121,0.0000,
1921-07,201.5500,UiB_Ekte_data,1921,7,False,158.1300,43.4200,27.4584,1.0000,
1921-08,167.9900,UiB_Ekte_data,1921,8,False,207.4200,-39.4300,-19.0097,0.0000,
1921-09,261.1100,UiB_Ekte_data,1921,9,False,249.3800,11.7300,4.7037,1.0000,
1921-10,439.1400,UiB_Ekte_data,1921,10,False,271.5967,167.5433,61.6883,1.0000,
1921-11,44.9900,UiB_Ekte_data,1921,11,False,272.9300,-227.9400,-83.5159,0.0000,
1921-12,327.7900,UiB_Ekte_data,1921,12,False,287.3700,40.4200,14.0655,1.0000,
1922-01,101.3100,UiB_Ekte_data,1922,1,False,255.2767,-153.9667,-60.3136,0.0000,
1922-02,141.7800,UiB_Ekte_data,1922,2,False,209.0933,-67.3133,-32.1930,0.0000,
1922-03,129.1500,UiB_Ekte_data,1922,3,False,202.6067,-73.4567,-36.2558,0.0000,
1922-04,83.7300,UiB_Ekte_data,1922,4,False,138.1867,-54.4567,-39.4080,0.0000,
1922-05,297.5800,UiB_Ekte_data,1922,5,False,109.0367,188.5433,172.9174,1.0000,
1922-06,127.9600,UiB_Ekte_data,1922,6,False,131.9733,-4.0133,-3.0410,0.0000,
1922-07,145.5500,UiB_Ekte_data,1922,7,False,158.1300,-12.5800,-7.9555,0.0000,
1922-08,197.2300,UiB_Ekte_data,1922,8,False,207.4200,-10.1900,-4.9127,0.0000,
1922-09,139.8300,UiB_Ekte_data,1922,9,False,249.3800,-109.5500,-43.9289,0.0000,
1922-10,129.0400,UiB_Ekte_data,1922,10,False,271.5967,-142.5567,-52.4884,0.0000,
1922-11,256.7900,UiB_Ekte_data,1922,11,False,272.9300,-16.1400,-5.9136,0.0000,
1922-12,196.9100,UiB_Ekte_data,1922,12,False,287.3700,-90.4600,-31.4786,0.0000,
1923-01,379.5800,UiB_Ekte_data,1923,1,False,255.2767,124.3033,48.6936,1.0000,
1923-02,94.0900,UiB_Ekte_data,1923,2,False,209.0933,-115.0033,-55.0010,0.0000,
1923-03,35.1700,UiB_Ekte_data,1923,3,False,202.6067,-167.4367,-82.6412,0.0000,
1923-04,42.5100,UiB_Ekte_data,1923,4,False,138.1867,-95.6767,-69.2373,0.0000,
1923-05,200.0400,UiB_Ekte_data,1923,5,False,109.0367,91.0033,83.4612,1.0000,
1923-06,130.6600,UiB_Ekte_data,1923,6,False,131.9733,-1.3133,-0.9952,0.0000,
1923-07,106.9300,UiB_Ekte_data,1923,7,False,158.1300,-51.2000,-32.3784,0.0000,
1923-08,236.4000,UiB_Ekte_data,1923,8,False,207.4200,28.9800,13.9717,1.0000,
1923-09,367.9300,UiB_Ekte_data,1923,9,False,249.3800,118.5500,47.5379,1.0000,
1923-10,346.0200,UiB_Ekte_data,1923,10,False,271.5967,74.4233,27.4022,1.0000,
1923-11,253.3400,UiB_Ekte_data,1923,11,False,272.9300,-19.5900,-7.1777,0.0000,
1923-12,175.1200,UiB_Ekte_data,1923,12,False,287.3700,-112.2500,-39.0611,0.0000,
1924-01,201.4400,UiB_Ekte_data,1924,1,False,255.2767,-53.8367,-21.0895,0.0000,
1924-02,196.5900,UiB_Ekte_data,1924,2,False,209.0933,-12.5033,-5.9798,0.0000,
1924-03,155.9100,UiB_Ekte_data,1924,3,False,202.6067,-46.6967,-23.0479,0.0000,
1924-04,91.8200,UiB_Ekte_data,1924,4,False,138.1867,-46.3667,-33.5536,0.0000,
1924-05,93.7600,UiB_Ekte_data,1924,5,False,109.0367,-15.2767,-14.0106,0.0000,
1924-06,138.4300,UiB_Ekte_data,1924,6,False,131.9733,6.4567,4.8924,1.0000,
1924-07,144.5800,UiB_Ekte_data,1924,7,False,158.1300,-13.5500,-8.5689,0.0000,
1924-08,166.2700,UiB_Ekte_data,1924,8,False,207.4200,-41.1500,-19.8390,0.0000,
1924-09,254.5300,UiB_Ekte_data,1924,9,False,249.3800,5.1500,2.0651,1.0000,
1924-10,194.2100,UiB_Ekte_data,1924,10,False,271.5967,-77.3867,-28.4932,0.0000,
1924-11,181.4800,UiB_Ekte_data,1924,11,False,272.9300,-91.4500,-33.5068,0.0000,
1924-12,387.4600,UiB_Ekte_data,1924,12,False,287.3700,100.0900,34.8297,1.0000,
1925-01,298.0100,UiB_Ekte_data,1925,1,False,255.2767,42.7333,16.7400,1.0000,
1925-02,187.2000,UiB_Ekte_data,1925,2,False,209.0933,-21.8933,-10.4706,0.0000,
1925-03,120.6300,UiB_Ekte_data,1925,3,False,202.6067,-81.9767,-40.4610,0.0000,
1925-04,161.8400,UiB_Ekte_data,1925,4,False,138.1867,23.6533,17.1169,1.0000,
1925-05,94.8400,UiB_Ekte_data,1925,5,False,109.0367,-14.1967,-13.0201,0.0000,
1925-06,112.8600,UiB_Ekte_data,1925,6,False,131.9733,-19.1133,-14.4827,0.0000,
1925-07,48.4500,UiB_Ekte_data,1925,7,False,158.1300,-109.6800,-69.3607,0.0000,
1925-08,246.1100,UiB_Ekte_data,1925,8,False,207.4200,38.6900,18.6530,1.0000,
1925-09,255.8200,UiB_Ekte_data,1925,9,False,249.3800,6.4400,2.5824,1.0000,
1925-10,262.5100,UiB_Ekte_data,1925,10,False,271.5967,-9.0867,-3.3456,0.0000,
1925-11,139.8300,UiB_Ekte_data,1925,11,False,272.9300,-133.1000,-48.7671,0.0000,
1925-12,161.8400,UiB_Ekte_data,1925,12,False,287.3700,-125.5300,-43.6824,0.0000,
1926-01,82.4300,UiB_Ekte_data,1926,1,False,255.2767,-172.8467,-67.7095,0.0000,
1926-02,159.7900,UiB_Ekte_data,1926,2,False,209.0933,-49.3033,-23.5796,0.0000,
1926-03,212.4500,UiB_Ekte_data,1926,3,False,202.6067,9.8433,4.8583,1.0000,
1926-04,70.2400,UiB_Ekte_data,1926,4,False,138.1867,-67.9467,-49.1702,0.0000,
1926-05,84.0500,UiB_Ekte_data,1926,5,False,109.0367,-24.9867,-22.9158,0.0000,
1926-06,47.4700,UiB_Ekte_data,1926,6,False,131.9733,-84.5033,-64.0306,0.0000,
1926-07,94.1900,UiB_Ekte_data,1926,7,False,158.1300,-63.9400,-40.4351,0.0000,
1926-08,171.7700,UiB_Ekte_data,1926,8,False,207.4200,-35.6500,-17.1873,0.0000,
1926-09,213.3100,UiB_Ekte_data,1926,9,False,249.3800,-36.0700,-14.4639,0.0000,
1926-10,230.6800,UiB_Ekte_data,1926,10,False,271.5967,-40.9167,-15.0652,0.0000,
1926-11,164.5400,UiB_Ekte_data,1926,11,False,272.9300,-108.3900,-39.7135,0.0000,
1926-12,340.9500,UiB_Ekte_data,1926,12,False,287.3700,53.5800,18.6450,1.0000,
1927-01,340.6300,UiB_Ekte_data,1927,1,False,255.2767,85.3533,33.4356,1.0000,
1927-02,135.6300,UiB_Ekte_data,1927,2,False,209.0933,-73.4633,-35.1342,0.0000,
1927-03,87.9400,UiB_Ekte_data,1927,3,False,202.6067,-114.6667,-56.5957,0.0000,
1927-04,204.4600,UiB_Ekte_data,1927,4,False,138.1867,66.2733,47.9593,1.0000,
1927-05,116.5300,UiB_Ekte_data,1927,5,False,109.0367,7.4933,6.8723,1.0000,
1927-06,131.8500,UiB_Ekte_data,1927,6,False,131.9733,-0.1233,-0.0935,0.0000,
1927-07,61.0700,UiB_Ekte_data,1927,7,False,158.1300,-97.0600,-61.3799,0.0000,
1927-08,136.0600,UiB_Ekte_data,1927,8,False,207.4200,-71.3600,-34.4036,0.0000,
1927-09,215.0400,UiB_Ekte_data,1927,9,False,249.3800,-34.3400,-13.7701,0.0000,
1927-10,331.4600,UiB_Ekte_data,1927,10,False,271.5967,59.8633,22.0413,1.0000,
1927-11,104.5500,UiB_Ekte_data,1927,11,False,272.9300,-168.3800,-61.6935,0.0000,
1927-12,4.2100,UiB_Ekte_data,1927,12,False,287.3700,-283.1600,-98.5350,0.0000,
1928-01,256.4700,UiB_Ekte_data,1928,1,False,255.2767,1.1933,0.4675,1.0000,
1928-02,232.9500,UiB_Ekte_data,1928,2,False,209.0933,23.8567,11.4096,1.0000,
1928-03,39.1700,UiB_Ekte_data,1928,3,False,202.6067,-163.4367,-80.6670,0.0000,
1928-04,60.6400,UiB_Ekte_data,1928,4,False,138.1867,-77.5467,-56.1173,0.0000,
1928-05,15.1100,UiB_Ekte_data,1928,5,False,109.0367,-93.9267,-86.1423,0.0000,
1928-06,187.3100,UiB_Ekte_data,1928,6,False,131.9733,55.3367,41.9302,1.0000,
1928-07,234.6700,UiB_Ekte_data,1928,7,False,158.1300,76.5400,48.4032,1.0000,
1928-08,152.6700,UiB_Ekte_data,1928,8,False,207.4200,-54.7500,-26.3957,0.0000,
1928-09,233.0600,UiB_Ekte_data,1928,9,False,249.3800,-16.3200,-6.5442,0.0000,
1928-10,240.3900,UiB_Ekte_data,1928,10,False,271.5967,-31.2067,-11.4901,0.0000,
1928-11,209.1000,UiB_Ekte_data,1928,11,False,272.9300,-63.8300,-23.3869,0.0000,
1928-12,263.0500,UiB_Ekte_data,1928,12,False,287.3700,-24.3200,-8.4630,0.0000,
1929-01,85.3500,UiB_Ekte_data,1929,1,False,255.2767,-169.9267,-66.5657,0.0000,
1929-02,37.4400,UiB_Ekte_data,1929,2,False,209.0933,-171.6533,-82.0941,0.0000,
1929-03,231.5500,UiB_Ekte_data,1929,3,False,202.6067,28.9433,14.2855,1.0000,
1929-04,68.8400,UiB_Ekte_data,1929,4,False,138.1867,-69.3467,-50.1833,0.0000,
1929-05,136.4900,UiB_Ekte_data,1929,5,False,109.0367,27.4533,25.1781,1.0000,
1929-06,154.9400,UiB_Ekte_data,1929,6,False,131.9733,22.9667,17.4025,1.0000,
1929-07,177.1700,UiB_Ekte_data,1929,7,False,158.1300,19.0400,12.0407,1.0000,
1929-08,446.3700,UiB_Ekte_data,1929,8,False,207.4200,238.9500,115.2010,1.0000,
1929-09,257.9800,UiB_Ekte_data,1929,9,False,249.3800,8.6000,3.4486,1.0000,
1929-10,427.7000,UiB_Ekte_data,1929,10,False,271.5967,156.1033,57.4762,1.0000,
1929-11,337.6100,UiB_Ekte_data,1929,11,False,272.9300,64.6800,23.6984,1.0000,
1929-12,220.4300,UiB_Ekte_data,1929,12,False,287.3700,-66.9400,-23.2940,0.0000,
1930-01,436.6600,UiB_Ekte_data,1930,1,False,255.2767,181.3833,71.0536,1.0000,
1930-02,38.5200,UiB_Ekte_data,1930,2,False,209.0933,-170.5733,-81.5776,0.0000,
1930-03,175.0100,UiB_Ekte_data,1930,3,False,202.6067,-27.5967,-13.6208,0.0000,
1930-04,69.0500,UiB_Ekte_data,1930,4,False,138.1867,-69.1367,-50.0314,0.0000,
1930-05,80.2700,UiB_Ekte_data,1930,5,False,109.0367,-28.7667,-26.3826,0.0000,
1930-06,198.9600,UiB_Ekte_data,1930,6,False,131.9733,66.9867,50.7577,1.0000,
1930-07,91.1700,UiB_Ekte_data,1930,7,False,158.1300,-66.9600,-42.3449,0.0000,
1930-08,147.8200,UiB_Ekte_data,1930,8,False,207.4200,-59.6000,-28.7340,0.0000,
1930-09,117.7100,UiB_Ekte_data,1930,9,False,249.3800,-131.6700,-52.7989,0.0000,
1930-10,321.4200,UiB_Ekte_data,1930,10,False,271.5967,49.8233,18.3446,1.0000,
1930-11,314.0900,UiB_Ekte_data,1930,11,False,272.9300,41.1600,15.0808,1.0000,
1930-12,232.5200,UiB_Ekte_data,1930,12,False,287.3700,-54.8500,-19.0869,0.0000,
1931-01,122.2500,UiB_Ekte_data,1931,1,False,255.2767,-133.0267,-52.1108,0.0000,
1931-02,198.9600,UiB_Ekte_data,1931,2,False,209.0933,-10.1333,-4.8463,0.0000,
1931-03,24.0600,UiB_Ekte_data,1931,3,False,202.6067,-178.5467,-88.1248,0.0000,
1931-04,100.0200,UiB_Ekte_data,1931,4,False,138.1867,-38.1667,-27.6196,0.0000,
1931-05,139.8300,UiB_Ekte_data,1931,5,False,109.0367,30.7933,28.2413,1.0000,
1931-06,277.1900,UiB_Ekte_data,1931,6,False,131.9733,145.2167,110.0349,1.0000,
1931-07,158.3900,UiB_Ekte_data,1931,7,False,158.1300,0.2600,0.1644,1.0000,
1931-08,28.9200,UiB_Ekte_data,1931,8,False,207.4200,-178.5000,-86.0573,0.0000,
1931-09,80.3800,UiB_Ekte_data,1931,9,False,249.3800,-169.0000,-67.7681,0.0000,
1931-10,334.1500,UiB_Ekte_data,1931,10,False,271.5967,62.5533,23.0317,1.0000,
1931-11,182.5600,UiB_Ekte_data,1931,11,False,272.9300,-90.3700,-33.1111,0.0000,
1931-12,267.0400,UiB_Ekte_data,1931,12,False,287.3700,-20.3300,-7.0745,0.0000,
1932-01,409.4700,UiB_Ekte_data,1932,1,False,255.2767,154.1933,60.4024,1.0000,
1932-02,66.2500,UiB_Ekte_data,1932,2,False,209.0933,-142.8433,-68.3156,0.0000,
1932-03,63.6600,UiB_Ekte_data,1932,3,False,202.6067,-138.9467,-68.5795,0.0000,
1932-04,172.7400,UiB_Ekte_data,1932,4,False,138.1867,34.5533,25.0048,1.0000,
1932-05,45.2100,UiB_Ekte_data,1932,5,False,109.0367,-63.8267,-58.5369,0.0000,
1932-06,99.7000,UiB_Ekte_data,1932,6,False,131.9733,-32.2733,-24.4544,0.0000,
1932-07,131.4200,UiB_Ekte_data,1932,7,False,158.1300,-26.7100,-16.8912,0.0000,
1932-08,156.1300,UiB_Ekte_data,1932,8,False,207.4200,-51.2900,-24.7276,0.0000,
1932-09,487.0400,UiB_Ekte_data,1932,9,False,249.3800,237.6600,95.3003,1.0000,
1932-10,191.4100,UiB_Ekte_data,1932,10,False,271.5967,-80.1867,-29.5242,0.0000,
1932-11,256.1500,UiB_Ekte_data,1932,11,False,272.9300,-16.7800,-6.1481,0.0000,
1932-12,282.5800,UiB_Ekte_data,1932,12,False,287.3700,-4.7900,-1.6668,0.0000,
1933-01,155.2600,UiB_Ekte_data,1933,1,False,255.2767,-100.0167,-39.1797,0.0000,
1933-02,217.4100,UiB_Ekte_data,1933,2,False,209.0933,8.3167,3.9775,1.0000,
1933-03,122.4600,UiB_Ekte_data,1933,3,False,202.6067,-80.1467,-39.5578,0.0000,
1933-04,121.4900,UiB_Ekte_data,1933,4,False,138.1867,-16.6967,-12.0827,0.0000,
1933-05,27.3000,UiB_Ekte_data,1933,5,False,109.0367,-81.7367,-74.9626,0.0000,
1933-06,26.9700,UiB_Ekte_data,1933,6,False,131.9733,-105.0033,-79.5641,0.0000,
1933-07,234.2400,UiB_Ekte_data,1933,7,False,158.1300,76.1100,48.1313,1.0000,
1933-08,279.3400,UiB_Ekte_data,1933,8,False,207.4200,71.9200,34.6736,1.0000,
1933-09,74.7700,UiB_Ekte_data,1933,9,False,249.3800,-174.6100,-70.0176,0.0000,
1933-10,160.6600,UiB_Ekte_data,1933,10,False,271.5967,-110.9367,-40.8461,0.0000,
1933-11,79.0900,UiB_Ekte_data,1933,11,False,272.9300,-193.8400,-71.0219,0.0000,
1933-12,107.4600,UiB_Ekte_data,1933,12,False,287.3700,-179.9100,-62.6057,0.0000,
1934-01,447.8800,UiB_Ekte_data,1934,1,False,255.2767,192.6033,75.4489,1.0000,
1934-02,289.5900,UiB_Ekte_data,1934,2,False,209.0933,80.4967,38.4980,1.0000,
1934-03,145.9800,UiB_Ekte_data,1934,3,False,202.6067,-56.6267,-27.9491,0.0000,
1934-04,92.4700,UiB_Ekte_data,1934,4,False,138.1867,-45.7167,-33.0833,0.0000,
1934-05,171.6600,UiB_Ekte_data,1934,5,False,109.0367,62.6233,57.4333,1.0000,
1934-06,83.3000,UiB_Ekte_data,1934,6,False,131.9733,-48.6733,-36.8812,0.0000,
1934-07,51.5700,UiB_Ekte_data,1934,7,False,158.1300,-106.5600,-67.3876,0.0000,
1934-08,372.7800,UiB_Ekte_data,1934,8,False,207.4200,165.3600,79.7223,1.0000,
1934-09,250.0000,UiB_Ekte_data,1934,9,False,249.3800,0.6200,0.2486,1.0000,
1934-10,542.6100,UiB_Ekte_data,1934,10,False,271.5967,271.0133,99.7852,1.0000,
1934-11,272.4400,UiB_Ekte_data,1934,11,False,272.9300,-0.4900,-0.1795,0.0000,
1934-12,73.2600,UiB_Ekte_data,1934,12,False,287.3700,-214.1100,-74.5067,0.0000,
1935-01,280.5300,UiB_Ekte_data,1935,1,False,255.2767,25.2533,9.8925,1.0000,
1935-02,361.5600,UiB_Ekte_data,1935,2,False,209.0933,152.4667,72.9180,1.0000,
1935-03,131.2000,UiB_Ekte_data,1935,3,False,202.6067,-71.4067,-35.2440,0.0000,
1935-04,85.4500,UiB_Ekte_data,1935,4,False,138.1867,-52.7367,-38.1634,0.0000,
1935-05,41.8600,UiB_Ekte_data,1935,5,False,109.0367,-67.1767,-61.6092,0.0000,
1935-06,144.9000,UiB_Ekte_data,1935,6,False,131.9733,12.9267,9.7949,1.0000,
1935-07,187.3100,UiB_Ekte_data,1935,7,False,158.1300,29.1800,18.4532,1.0000,
1935-08,132.5000,UiB_Ekte_data,1935,8,False,207.4200,-74.9200,-36.1199,0.0000,
1935-09,253.8800,UiB_Ekte_data,1935,9,False,249.3800,4.5000,1.8045,1.0000,
1935-10,412.4900,UiB_Ekte_data,1935,10,False,271.5967,140.8933,51.8759,1.0000,
1935-11,194.5400,UiB_Ekte_data,1935,11,False,272.9300,-78.3900,-28.7217,0.0000,
1935-12,76.7100,UiB_Ekte_data,1935,12,False,287.3700,-210.6600,-73.3062,0.0000,
1936-01,136.2700,UiB_Ekte_data,1936,1,False,255.2767,-119.0067,-46.6187,0.0000,
1936-02,50.5000,UiB_Ekte_data,1936,2,False,209.0933,-158.5933,-75.8481,0.0000,
1936-03,58.1600,UiB_Ekte_data,1936,3,False,202.6067,-144.4467,-71.2941,0.0000,
1936-04,72.4000,UiB_Ekte_data,1936,4,False,138.1867,-65.7867,-47.6071,0.0000,
1936-05,9.3900,UiB_Ekte_data,1936,5,False,109.0367,-99.6467,-91.3882,0.0000,
1936-06,52.5500,UiB_Ekte_data,1936,6,False,131.9733,-79.4233,-60.1813,0.0000,
1936-07,207.4800,UiB_Ekte_data,1936,7,False,158.1300,49.3500,31.2085,1.0000,
1936-08,286.7900,UiB_Ekte_data,1936,8,False,207.4200,79.3700,38.2654,1.0000,
1936-09,47.0400,UiB_Ekte_data,1936,9,False,249.3800,-202.3400,-81.1372,0.0000,
1936-10,262.4000,UiB_Ekte_data,1936,10,False,271.5967,-9.1967,-3.3861,0.0000,
1936-11,295.6400,UiB_Ekte_data,1936,11,False,272.9300,22.7100,8.3208,1.0000,
1936-12,483.7000,UiB_Ekte_data,1936,12,False,287.3700,196.3300,68.3196,1.0000,
1937-01,122.5700,UiB_Ekte_data,1937,1,False,255.2767,-132.7067,-51.9854,0.0000,
1937-02,83.7300,UiB_Ekte_data,1937,2,False,209.0933,-125.3633,-59.9557,0.0000,
1937-03,29.0200,UiB_Ekte_data,1937,3,False,202.6067,-173.5867,-85.6767,0.0000,
1937-04,44.2400,UiB_Ekte_data,1937,4,False,138.1867,-93.9467,-67.9853,0.0000,
1937-05,106.7100,UiB_Ekte_data,1937,5,False,109.0367,-2.3267,-2.1338,0.0000,
1937-06,283.7700,UiB_Ekte_data,1937,6,False,131.9733,151.7967,115.0207,1.0000,
1937-07,80.4900,UiB_Ekte_data,1937,7,False,158.1300,-77.6400,-49.0988,0.0000,
1937-08,59.9900,UiB_Ekte_data,1937,8,False,207.4200,-147.4300,-71.0780,0.0000,
1937-09,401.5900,UiB_Ekte_data,1937,9,False,249.3800,152.2100,61.0354,1.0000,
1937-10,158.9300,UiB_Ekte_data,1937,10,False,271.5967,-112.6667,-41.4831,0.0000,
1937-11,96.1400,UiB_Ekte_data,1937,11,False,272.9300,-176.7900,-64.7749,0.0000,
1937-12,82.4300,UiB_Ekte_data,1937,12,False,287.3700,-204.9400,-71.3157,0.0000,
1938-01,271.9000,UiB_Ekte_data,1938,1,False,255.2767,16.6233,6.5119,1.0000,
1938-02,173.0700,UiB_Ekte_data,1938,2,False,209.0933,-36.0233,-17.2284,0.0000,
1938-03,489.6300,UiB_Ekte_data,1938,3,False,202.6067,287.0233,141.6653,1.0000,
1938-04,126.3500,UiB_Ekte_data,1938,4,False,138.1867,-11.8367,-8.5657,0.0000,
1938-05,187.8500,UiB_Ekte_data,1938,5,False,109.0367,78.8133,72.2815,1.0000,
1938-06,214.9300,UiB_Ekte_data,1938,6,False,131.9733,82.9567,62.8587,1.0000,
1938-07,232.8400,UiB_Ekte_data,1938,7,False,158.1300,74.7100,47.2459,1.0000,
1938-08,146.3100,UiB_Ekte_data,1938,8,False,207.4200,-61.1100,-29.4620,0.0000,
1938-09,270.0600,UiB_Ekte_data,1938,9,False,249.3800,20.6800,8.2926,1.0000,
1938-10,330.4900,UiB_Ekte_data,1938,10,False,271.5967,58.8933,21.6841,1.0000,
1938-11,382.0600,UiB_Ekte_data,1938,11,False,272.9300,109.1300,39.9846,1.0000,
1938-12,237.0500,UiB_Ekte_data,1938,12,False,287.3700,-50.3200,-17.5105,0.0000,
1939-01,124.6200,UiB_Ekte_data,1939,1,False,255.2767,-130.6567,-51.1824,0.0000,
1939-02,326.9300,UiB_Ekte_data,1939,2,False,209.0933,117.8367,56.3560,1.0000,
1939-03,106.4900,UiB_Ekte_data,1939,3,False,202.6067,-96.1167,-47.4400,0.0000,
1939-04,168.7500,UiB_Ekte_data,1939,4,False,138.1867,30.5633,22.1174,1.0000,
1939-05,23.6300,UiB_Ekte_data,1939,5,False,109.0367,-85.4067,-78.3284,0.0000,
1939-06,225.7200,UiB_Ekte_data,1939,6,False,131.9733,93.7467,71.0346,1.0000,
1939-07,196.0500,UiB_Ekte_data,1939,7,False,158.1300,37.9200,23.9803,1.0000,
1939-08,186.8800,UiB_Ekte_data,1939,8,False,207.4200,-20.5400,-9.9026,0.0000,
1939-09,101.5300,UiB_Ekte_data,1939,9,False,249.3800,-147.8500,-59.2870,0.0000,
1939-10,86.7500,UiB_Ekte_data,1939,10,False,271.5967,-184.8467,-68.0593,0.0000,
1939-11,333.2900,UiB_Ekte_data,1939,11,False,272.9300,60.3600,22.1156,1.0000,
1939-12,121.3800,UiB_Ekte_data,1939,12,False,287.3700,-165.9900,-57.7618,0.0000,
1940-01,59.4500,UiB_Ekte_data,1940,1,False,255.2767,-195.8267,-76.7115,0.0000,
1940-02,131.7400,UiB_Ekte_data,1940,2,False,209.0933,-77.3533,-36.9946,0.0000,
1940-03,63.8700,UiB_Ekte_data,1940,3,False,202.6067,-138.7367,-68.4759,0.0000,
1940-04,84.3700,UiB_Ekte_data,1940,4,False,138.1867,-53.8167,-38.9449,0.0000,
1940-05,30.4300,UiB_Ekte_data,1940,5,False,109.0367,-78.6067,-72.0920,0.0000,
1940-06,52.7600,UiB_Ekte_data,1940,6,False,131.9733,-79.2133,-60.0222,0.0000,
1940-07,202.0900,UiB_Ekte_data,1940,7,False,158.1300,43.9600,27.7999,1.0000,
1940-08,279.5600,UiB_Ekte_data,1940,8,False,207.4200,72.1400,34.7797,1.0000,
1940-09,337.7200,UiB_Ekte_data,1940,9,False,249.3800,88.3400,35.4239,1.0000,
1940-10,88.1500,UiB_Ekte_data,1940,10,False,271.5967,-183.4467,-67.5438,0.0000,
1940-11,231.1100,UiB_Ekte_data,1940,11,False,272.9300,-41.8200,-15.3226,0.0000,
1940-12,126.1300,UiB_Ekte_data,1940,12,False,287.3700,-161.2400,-56.1088,0.0000,
1941-01,44.4500,UiB_Ekte_data,1941,1,False,255.2767,-210.8267,-82.5875,0.0000,
1941-02,71.1000,UiB_Ekte_data,1941,2,False,209.0933,-137.9933,-65.9960,0.0000,
1941-03,111.3500,UiB_Ekte_data,1941,3,False,202.6067,-91.2567,-45.0413,0.0000,
1941-04,114.3700,UiB_Ekte_data,1941,4,False,138.1867,-23.8167,-17.2351,0.0000,
1941-05,18.5600,UiB_Ekte_data,1941,5,False,109.0367,-90.4767,-82.9782,0.0000,
1941-06,89.7700,UiB_Ekte_data,1941,6,False,131.9733,-42.2033,-31.9787,0.0000,
1941-07,163.3500,UiB_Ekte_data,1941,7,False,158.1300,5.2200,3.3011,1.0000,
1941-08,155.8000,UiB_Ekte_data,1941,8,False,207.4200,-51.6200,-24.8867,0.0000,
1941-09,111.2400,UiB_Ekte_data,1941,9,False,249.3800,-138.1400,-55.3934,0.0000,
1941-10,193.1300,UiB_Ekte_data,1941,10,False,271.5967,-78.4667,-28.8909,0.0000,
1941-11,106.2800,UiB_Ekte_data,1941,11,False,272.9300,-166.6500,-61.0596,0.0000,
1941-12,326.2800,UiB_Ekte_data,1941,12,False,287.3700,38.9100,13.5400,1.0000,
1942-01,44.5600,UiB_Ekte_data,1942,1,False,255.2767,-210.7167,-82.5444,0.0000,
1942-02,38.3000,UiB_Ekte_data,1942,2,False,209.0933,-170.7933,-81.6828,0.0000,
1942-03,73.0500,UiB_Ekte_data,1942,3,False,202.6067,-129.5567,-63.9449,0.0000,
1942-04,103.3600,UiB_Ekte_data,1942,4,False,138.1867,-34.8267,-25.2026,0.0000,
1942-05,96.0300,UiB_Ekte_data,1942,5,False,109.0367,-13.0067,-11.9287,0.0000,
1942-06,126.1300,UiB_Ekte_data,1942,6,False,131.9733,-5.8433,-4.4277,0.0000,
1942-07,170.2600,UiB_Ekte_data,1942,7,False,158.1300,12.1300,7.6709,1.0000,
1942-08,218.7100,UiB_Ekte_data,1942,8,False,207.4200,11.2900,5.4431,1.0000,
1942-09,316.0300,UiB_Ekte_data,1942,9,False,249.3800,66.6500,26.7263,1.0000,
1942-10,438.1700,UiB_Ekte_data,1942,10,False,271.5967,166.5733,61.3311,1.0000,
1942-11,272.7600,UiB_Ekte_data,1942,11,False,272.9300,-0.1700,-0.0623,0.0000,
1942-12,290.3500,UiB_Ekte_data,1942,12,False,287.3700,2.9800,1.0370,1.0000,
1943-01,155.6900,UiB_Ekte_data,1943,1,False,255.2767,-99.5867,-39.0113,0.0000,
1943-02,298.7600,UiB_Ekte_data,1943,2,False,209.0933,89.6667,42.8836,1.0000,
1943-03,173.1700,UiB_Ekte_data,1943,3,False,202.6067,-29.4367,-14.5290,0.0000,
1943-04,325.0900,UiB_Ekte_data,1943,4,False,138.1867,186.9033,135.2542,1.0000,
1943-05,211.3700,UiB_Ekte_data,1943,5,False,109.0367,102.3333,93.8522,1.0000,
1943-06,108.5400,UiB_Ekte_data,1943,6,False,131.9733,-23.4333,-17.7561,0.0000,
1943-07,60.7500,UiB_Ekte_data,1943,7,False,158.1300,-97.3800,-61.5822,0.0000,
1943-08,147.8200,UiB_Ekte_data,1943,8,False,207.4200,-59.6000,-28.7340,0.0000,
1943-09,278.0500,UiB_Ekte_data,1943,9,False,249.3800,28.6700,11.4965,1.0000,
1943-10,246.1100,UiB_Ekte_data,1943,10,False,271.5967,-25.4867,-9.3840,0.0000,
1943-11,254.9600,UiB_Ekte_data,1943,11,False,272.9300,-17.9700,-6.5841,0.0000,
1943-12,117.0700,UiB_Ekte_data,1943,12,False,287.3700,-170.3000,-59.2616,0.0000,
1944-01,310.0900,UiB_Ekte_data,1944,1,False,255.2767,54.8133,21.4721,1.0000,
1944-02,127.5300,UiB_Ekte_data,1944,2,False,209.0933,-81.5633,-39.0081,0.0000,
1944-03,131.3100,UiB_Ekte_data,1944,3,False,202.6067,-71.2967,-35.1897,0.0000,
1944-04,126.9900,UiB_Ekte_data,1944,4,False,138.1867,-11.1967,-8.1026,0.0000,
1944-05,128.7200,UiB_Ekte_data,1944,5,False,109.0367,19.6833,18.0520,1.0000,
1944-06,99.8000,UiB_Ekte_data,1944,6,False,131.9733,-32.1733,-24.3787,0.0000,
1944-07,82.7600,UiB_Ekte_data,1944,7,False,158.1300,-75.3700,-47.6633,0.0000,
1944-08,249.8900,UiB_Ekte_data,1944,8,False,207.4200,42.4700,20.4754,1.0000,
1944-09,247.6200,UiB_Ekte_data,1944,9,False,249.3800,-1.7600,-0.7058,0.0000,
1944-10,202.3100,UiB_Ekte_data,1944,10,False,271.5967,-69.2867,-25.5109,0.0000,
1944-11,114.8000,UiB_Ekte_data,1944,11,False,272.9300,-158.1300,-57.9379,0.0000,
1944-12,208.6700,UiB_Ekte_data,1944,12,False,287.3700,-78.7000,-27.3863,0.0000,
1945-01,113.6100,UiB_Ekte_data,1945,1,False,255.2767,-141.6667,-55.4953,0.0000,
1945-02,284.7400,UiB_Ekte_data,1945,2,False,209.0933,75.6467,36.1784,1.0000,
1945-03,222.4800,UiB_Ekte_data,1945,3,False,202.6067,19.8733,9.8088,1.0000,
1945-04,171.4500,UiB_Ekte_data,1945,4,False,138.1867,33.2633,24.0713,1.0000,
1945-05,95.3800,UiB_Ekte_data,1945,5,False,109.0367,-13.6567,-12.5248,0.0000,
1945-06,162.6000,UiB_Ekte_data,1945,6,False,131.9733,30.6267,23.2067,1.0000,
1945-07,74.4500,UiB_Ekte_data,1945,7,False,158.1300,-83.6800,-52.9185,0.0000,
1945-08,59.6700,UiB_Ekte_data,1945,8,False,207.4200,-147.7500,-71.2323,0.0000,
1945-09,156.6700,UiB_Ekte_data,1945,9,False,249.3800,-92.7100,-37.1762,0.0000,
1945-10,144.8000,UiB_Ekte_data,1945,10,False,271.5967,-126.7967,-46.6856,0.0000,
1945-11,147.2800,UiB_Ekte_data,1945,11,False,272.9300,-125.6500,-46.0374,0.0000,
1945-12,147.8200,UiB_Ekte_data,1945,12,False,287.3700,-139.5500,-48.5611,0.0000,
1946-01,226.1500,UiB_Ekte_data,1946,1,False,255.2767,-29.1267,-11.4098,0.0000,
1946-02,194.8600,UiB_Ekte_data,1946,2,False,209.0933,-14.2333,-6.8072,0.0000,
1946-03,136.3800,UiB_Ekte_data,1946,3,False,202.6067,-66.2267,-32.6873,0.0000,
1946-04,300.8100,UiB_Ekte_data,1946,4,False,138.1867,162.6233,117.6838,1.0000,
1946-05,30.6400,UiB_Ekte_data,1946,5,False,109.0367,-78.3967,-71.8994,0.0000,
1946-06,132.0600,UiB_Ekte_data,1946,6,False,131.9733,0.0867,0.0657,1.0000,
1946-07,211.2600,UiB_Ekte_data,1946,7,False,158.1300,53.1300,33.5989,1.0000,
1946-08,243.5200,UiB_Ekte_data,1946,8,False,207.4200,36.1000,17.4043,1.0000,
1946-09,335.8800,UiB_Ekte_data,1946,9,False,249.3800,86.5000,34.6860,1.0000,
1946-10,63.3400,UiB_Ekte_data,1946,10,False,271.5967,-208.2567,-76.6787,0.0000,
1946-11,365.9800,UiB_Ekte_data,1946,11,False,272.9300,93.0500,34.0930,1.0000,
1946-12,105.8500,UiB_Ekte_data,1946,12,False,287.3700,-181.5200,-63.1660,0.0000,
1947-01,42.9400,UiB_Ekte_data,1947,1,False,255.2767,-212.3367,-83.1790,0.0000,
1947-02,5.6100,UiB_Ekte_data,1947,2,False,209.0933,-203.4833,-97.3170,0.0000,
1947-03,85.6700,UiB_Ekte_data,1947,3,False,202.6067,-116.9367,-57.7161,0.0000,
1947-04,279.7700,UiB_Ekte_data,1947,4,False,138.1867,141.5833,102.4580,1.0000,
1947-05,44.3500,UiB_Ekte_data,1947,5,False,109.0367,-64.6867,-59.3256,0.0000,
1947-06,124.6200,UiB_Ekte_data,1947,6,False,131.9733,-7.3533,-5.5718,0.0000,
1947-07,119.9800,UiB_Ekte_data,1947,7,False,158.1300,-38.1500,-24.1257,0.0000,
1947-08,4.4200,UiB_Ekte_data,1947,8,False,207.4200,-203.0000,-97.8691,0.0000,
1947-09,468.2700,UiB_Ekte_data,1947,9,False,249.3800,218.8900,87.7737,1.0000,
1947-10,202.5200,UiB_Ekte_data,1947,10,False,271.5967,-69.0767,-25.4335,0.0000,
1947-11,225.1800,UiB_Ekte_data,1947,11,False,272.9300,-47.7500,-17.4953,0.0000,
1947-12,103.2600,UiB_Ekte_data,1947,12,False,287.3700,-184.1100,-64.0672,0.0000,
1948-01,132.5000,UiB_Ekte_data,1948,1,False,255.2767,-122.7767,-48.0955,0.0000,
1948-02,104.2300,UiB_Ekte_data,1948,2,False,209.0933,-104.8633,-50.1514,0.0000,
1948-03,200.4700,UiB_Ekte_data,1948,3,False,202.6067,-2.1367,-1.0546,0.0000,
1948-04,167.4500,UiB_Ekte_data,1948,4,False,138.1867,29.2633,21.1767,1.0000,
1948-05,59.9900,UiB_Ekte_data,1948,5,False,109.0367,-49.0467,-44.9818,0.0000,
1948-06,105.8500,UiB_Ekte_data,1948,6,False,131.9733,-26.1233,-19.7944,0.0000,
1948-07,103.3600,UiB_Ekte_data,1948,7,False,158.1300,-54.7700,-34.6361,0.0000,
1948-08,126.4500,UiB_Ekte_data,1948,8,False,207.4200,-80.9700,-39.0367,0.0000,
1948-09,411.9500,UiB_Ekte_data,1948,9,False,249.3800,162.5700,65.1897,1.0000,
1948-10,378.0700,UiB_Ekte_data,1948,10,False,271.5967,106.4733,39.2027,1.0000,
1948-11,361.0200,UiB_Ekte_data,1948,11,False,272.9300,88.0900,32.2757,1.0000,
1948-12,200.7900,UiB_Ekte_data,1948,12,False,287.3700,-86.5800,-30.1284,0.0000,
1949-01,471.9400,UiB_Ekte_data,1949,1,False,255.2767,216.6633,84.8739,1.0000,
1949-02,344.8400,UiB_Ekte_data,1949,2,False,209.0933,135.7467,64.9216,1.0000,
1949-03,97.4300,UiB_Ekte_data,1949,3,False,202.6067,-105.1767,-51.9118,0.0000,
1949-04,311.9300,UiB_Ekte_data,1949,4,False,138.1867,173.7433,125.7309,1.0000,
1949-05,113.4000,UiB_Ekte_data,1949,5,False,109.0367,4.3633,4.0017,1.0000,
1949-06,221.4000,UiB_Ekte_data,1949,6,False,131.9733,89.4267,67.7612,1.0000,
1949-07,72.0700,UiB_Ekte_data,1949,7,False,158.1300,-86.0600,-54.4236,0.0000,
1949-08,215.2500,UiB_Ekte_data,1949,8,False,207.4200,7.8300,3.7749,1.0000,
1949-09,234.4600,UiB_Ekte_data,1949,9,False,249.3800,-14.9200,-5.9828,0.0000,
1949-10,317.2100,UiB_Ekte_data,1949,10,False,271.5967,45.6133,16.7945,1.0000,
1949-11,176.9500,UiB_Ekte_data,1949,11,False,272.9300,-95.9800,-35.1665,0.0000,
1949-12,477.5500,UiB_Ekte_data,1949,12,False,287.3700,190.1800,66.1795,1.0000,
1950-01,187.8500,UiB_Ekte_data,1950,1,False,255.2767,-67.4267,-26.4132,0.0000,
1950-02,89.5500,UiB_Ekte_data,1950,2,False,209.0933,-119.5433,-57.1722,0.0000,
1950-03,215.3600,UiB_Ekte_data,1950,3,False,202.6067,12.7533,6.2946,1.0000,
1950-04,148.4700,UiB_Ekte_data,1950,4,False,138.1867,10.2833,7.4416,1.0000,
1950-05,76.5000,UiB_Ekte_data,1950,5,False,109.0367,-32.5367,-29.8401,0.0000,
1950-06,193.8900,UiB_Ekte_data,1950,6,False,131.9733,61.9167,46.9160,1.0000,
1950-07,172.3100,UiB_Ekte_data,1950,7,False,158.1300,14.1800,8.9673,1.0000,
1950-08,286.9000,UiB_Ekte_data,1950,8,False,207.4200,79.4800,38.3184,1.0000,
1950-09,365.0100,UiB_Ekte_data,1950,9,False,249.3800,115.6300,46.3670,1.0000,
1950-10,376.1300,UiB_Ekte_data,1950,10,False,271.5967,104.5333,38.4884,1.0000,
1950-11,164.6500,UiB_Ekte_data,1950,11,False,272.9300,-108.2800,-39.6732,0.0000,
1950-12,151.0500,UiB_Ekte_data,1950,12,False,287.3700,-136.3200,-47.4371,0.0000,
1951-01,161.6300,UiB_Ekte_data,1951,1,False,255.2767,-93.6467,-36.6844,0.0000,
1951-02,37.5500,UiB_Ekte_data,1951,2,False,209.0933,-171.5433,-82.0415,0.0000,
1951-03,34.3100,UiB_Ekte_data,1951,3,False,202.6067,-168.2967,-83.0657,0.0000,
1951-04,170.6900,UiB_Ekte_data,1951,4,False,138.1867,32.5033,23.5213,1.0000,
1951-05,16.2900,UiB_Ekte_data,1951,5,False,109.0367,-92.7467,-85.0601,0.0000,
1951-06,77.1500,UiB_Ekte_data,1951,6,False,131.9733,-54.8233,-41.5412,0.0000,
1951-07,201.6600,UiB_Ekte_data,1951,7,False,158.1300,43.5300,27.5280,1.0000,
1951-08,226.0400,UiB_Ekte_data,1951,8,False,207.4200,18.6200,8.9770,1.0000,
1951-09,160.6600,UiB_Ekte_data,1951,9,False,249.3800,-88.7200,-35.5762,0.0000,
1951-10,223.0200,UiB_Ekte_data,1951,10,False,271.5967,-48.5767,-17.8856,0.0000,
1951-11,239.3100,UiB_Ekte_data,1951,11,False,272.9300,-33.6200,-12.3182,0.0000,
1951-12,318.0800,UiB_Ekte_data,1951,12,False,287.3700,30.7100,10.6866,1.0000,
1952-01,170.0400,UiB_Ekte_data,1952,1,False,255.2767,-85.2367,-33.3899,0.0000,
1952-02,185.5800,UiB_Ekte_data,1952,2,False,209.0933,-23.5133,-11.2454,0.0000,
1952-03,127.5300,UiB_Ekte_data,1952,3,False,202.6067,-75.0767,-37.0554,0.0000,
1952-04,104.7700,UiB_Ekte_data,1952,4,False,138.1867,-33.4167,-24.1823,0.0000,
1952-05,101.3100,UiB_Ekte_data,1952,5,False,109.0367,-7.7267,-7.0863,0.0000,
1952-06,242.5500,UiB_Ekte_data,1952,6,False,131.9733,110.5767,83.7871,1.0000,
1952-07,235.6500,UiB_Ekte_data,1952,7,False,158.1300,77.5200,49.0230,1.0000,
1952-08,206.4100,UiB_Ekte_data,1952,8,False,207.4200,-1.0100,-0.4869,0.0000,
1952-09,191.7300,UiB_Ekte_data,1952,9,False,249.3800,-57.6500,-23.1173,0.0000,
1952-10,133.7900,UiB_Ekte_data,1952,10,False,271.5967,-137.8067,-50.7395,0.0000,
1952-11,112.7500,UiB_Ekte_data,1952,11,False,272.9300,-160.1800,-58.6890,0.0000,
1952-12,127.9600,UiB_Ekte_data,1952,12,False,287.3700,-159.4100,-55.4720,0.0000,
1953-01,261.0000,UiB_Ekte_data,1953,1,False,255.2767,5.7233,2.2420,1.0000,
1953-02,164.6500,UiB_Ekte_data,1953,2,False,209.0933,-44.4433,-21.2553,0.0000,
1953-03,169.1800,UiB_Ekte_data,1953,3,False,202.6067,-33.4267,-16.4983,0.0000,
1953-04,189.3600,UiB_Ekte_data,1953,4,False,138.1867,51.1733,37.0320,1.0000,
1953-05,113.2900,UiB_Ekte_data,1953,5,False,109.0367,4.2533,3.9008,1.0000,
1953-06,50.0600,UiB_Ekte_data,1953,6,False,131.9733,-81.9133,-62.0681,0.0000,
1953-07,179.3200,UiB_Ekte_data,1953,7,False,158.1300,21.1900,13.4004,1.0000,
1953-08,263.7000,UiB_Ekte_data,1953,8,False,207.4200,56.2800,27.1334,1.0000,
1953-09,255.7100,UiB_Ekte_data,1953,9,False,249.3800,6.3300,2.5383,1.0000,
1953-10,330.0500,UiB_Ekte_data,1953,10,False,271.5967,58.4533,21.5221,1.0000,
1953-11,451.8700,UiB_Ekte_data,1953,11,False,272.9300,178.9400,65.5626,1.0000,
1953-12,307.1800,UiB_Ekte_data,1953,12,False,287.3700,19.8100,6.8936,1.0000,
1954-01,216.7600,UiB_Ekte_data,1954,1,False,255.2767,-38.5167,-15.0882,0.0000,
1954-02,48.6600,UiB_Ekte_data,1954,2,False,209.0933,-160.4333,-76.7281,0.0000,
1954-03,111.6700,UiB_Ekte_data,1954,3,False,202.6067,-90.9367,-44.8834,0.0000,
1954-04,102.7200,UiB_Ekte_data,1954,4,False,138.1867,-35.4667,-25.6658,0.0000,
1954-05,48.9800,UiB_Ekte_data,1954,5,False,109.0367,-60.0567,-55.0793,0.0000,
1954-06,149.7600,UiB_Ekte_data,1954,6,False,131.9733,17.7867,13.4775,1.0000,
1954-07,241.1500,UiB_Ekte_data,1954,7,False,158.1300,83.0200,52.5011,1.0000,
1954-08,186.7700,UiB_Ekte_data,1954,8,False,207.4200,-20.6500,-9.9556,0.0000,
1954-09,378.3900,UiB_Ekte_data,1954,9,False,249.3800,129.0100,51.7323,1.0000,
1954-10,361.5600,UiB_Ekte_data,1954,10,False,271.5967,89.9633,33.1239,1.0000,
1954-11,164.8700,UiB_Ekte_data,1954,11,False,272.9300,-108.0600,-39.5926,0.0000,
1954-12,263.8100,UiB_Ekte_data,1954,12,False,287.3700,-23.5600,-8.1985,0.0000,
1955-01,253.9900,UiB_Ekte_data,1955,1,False,255.2767,-1.2867,-0.5040,0.0000,
1955-02,63.2300,UiB_Ekte_data,1955,2,False,209.0933,-145.8633,-69.7599,0.0000,
1955-03,57.6200,UiB_Ekte_data,1955,3,False,202.6067,-144.9867,-71.5607,0.0000,
1955-04,130.7700,UiB_Ekte_data,1955,4,False,138.1867,-7.4167,-5.3671,0.0000,
1955-05,128.7200,UiB_Ekte_data,1955,5,False,109.0367,19.6833,18.0520,1.0000,
1955-06,61.5000,UiB_Ekte_data,1955,6,False,131.9733,-70.4733,-53.3997,0.0000,
1955-07,80.4900,UiB_Ekte_data,1955,7,False,158.1300,-77.6400,-49.0988,0.0000,
1955-08,176.4100,UiB_Ekte_data,1955,8,False,207.4200,-31.0100,-14.9503,0.0000,
1955-09,292.0700,UiB_Ekte_data,1955,9,False,249.3800,42.6900,17.1185,1.0000,
1955-10,237.2600,UiB_Ekte_data,1955,10,False,271.5967,-34.3367,-12.6425,0.0000,
1955-11,179.8600,UiB_Ekte_data,1955,11,False,272.9300,-93.0700,-34.1003,0.0000,
1955-12,292.5100,UiB_Ekte_data,1955,12,False,287.3700,5.1400,1.7886,1.0000,
1956-01,165.4000,UiB_Ekte_data,1956,1,False,255.2767,-89.8767,-35.2076,0.0000,
1956-02,80.8100,UiB_Ekte_data,1956,2,False,209.0933,-128.2833,-61.3522,0.0000,
1956-03,51.1400,UiB_Ekte_data,1956,3,False,202.6067,-151.4667,-74.7590,0.0000,
1956-04,70.5600,UiB_Ekte_data,1956,4,False,138.1867,-67.6267,-48.9386,0.0000,
1956-05,214.5000,UiB_Ekte_data,1956,5,False,109.0367,105.4633,96.7228,1.0000,
1956-06,174.7900,UiB_Ekte_data,1956,6,False,131.9733,42.8167,32.4434,1.0000,
1956-07,104.9800,UiB_Ekte_data,1956,7,False,158.1300,-53.1500,-33.6116,0.0000,
1956-08,136.4900,UiB_Ekte_data,1956,8,False,207.4200,-70.9300,-34.1963,0.0000,
1956-09,227.5500,UiB_Ekte_data,1956,9,False,249.3800,-21.8300,-8.7537,0.0000,
1956-10,270.7100,UiB_Ekte_data,1956,10,False,271.5967,-0.8867,-0.3265,0.0000,
1956-11,255.8200,UiB_Ekte_data,1956,11,False,272.9300,-17.1100,-6.2690,0.0000,
1956-12,314.9500,UiB_Ekte_data,1956,12,False,287.3700,27.5800,9.5974,1.0000,
1957-01,341.4900,UiB_Ekte_data,1957,1,False,255.2767,86.2133,33.7725,1.0000,
1957-02,85.3500,UiB_Ekte_data,1957,2,False,209.0933,-123.7433,-59.1809,0.0000,
1957-03,133.6800,UiB_Ekte_data,1957,3,False,202.6067,-68.9267,-34.0199,0.0000,
1957-04,108.1100,UiB_Ekte_data,1957,4,False,138.1867,-30.0767,-21.7652,0.0000,
1957-05,119.7600,UiB_Ekte_data,1957,5,False,109.0367,10.7233,9.8346,1.0000,
1957-06,108.8700,UiB_Ekte_data,1957,6,False,131.9733,-23.1033,-17.5061,0.0000,
1957-07,183.9600,UiB_Ekte_data,1957,7,False,158.1300,25.8300,16.3347,1.0000,
1957-08,150.7300,UiB_Ekte_data,1957,8,False,207.4200,-56.6900,-27.3310,0.0000,
1957-09,261.9700,UiB_Ekte_data,1957,9,False,249.3800,12.5900,5.0485,1.0000,
1957-10,453.8100,UiB_Ekte_data,1957,10,False,271.5967,182.2133,67.0897,1.0000,
1957-11,277.7200,UiB_Ekte_data,1957,11,False,272.9300,4.7900,1.7550,1.0000,
1957-12,337.7200,UiB_Ekte_data,1957,12,False,287.3700,50.3500,17.5210,1.0000,
1958-01,148.4700,UiB_Ekte_data,1958,1,False,255.2767,-106.8067,-41.8396,0.0000,
1958-02,93.1100,UiB_Ekte_data,1958,2,False,209.0933,-115.9833,-55.4696,0.0000,
1958-03,61.2900,UiB_Ekte_data,1958,3,False,202.6067,-141.3167,-69.7493,0.0000,
1958-04,109.3000,UiB_Ekte_data,1958,4,False,138.1867,-28.8867,-20.9041,0.0000,
1958-05,153.2100,UiB_Ekte_data,1958,5,False,109.0367,44.1733,40.5124,1.0000,
1958-06,30.1000,UiB_Ekte_data,1958,6,False,131.9733,-101.8733,-77.1924,0.0000,
1958-07,204.6800,UiB_Ekte_data,1958,7,False,158.1300,46.5500,29.4378,1.0000,
1958-08,199.3900,UiB_Ekte_data,1958,8,False,207.4200,-8.0300,-3.8714,0.0000,
1958-09,78.1200,UiB_Ekte_data,1958,9,False,249.3800,-171.2600,-68.6743,0.0000,
1958-10,338.1500,UiB_Ekte_data,1958,10,False,271.5967,66.5533,24.5045,1.0000,
1958-11,292.7200,UiB_Ekte_data,1958,11,False,272.9300,19.7900,7.2509,1.0000,
1958-12,143.9300,UiB_Ekte_data,1958,12,False,287.3700,-143.4400,-49.9147,0.0000,
1959-01,79.9500,UiB_Ekte_data,1959,1,False,255.2767,-175.3267,-68.6810,0.0000,
1959-02,205.8700,UiB_Ekte_data,1959,2,False,209.0933,-3.2233,-1.5416,0.0000,
1959-03,86.4200,UiB_Ekte_data,1959,3,False,202.6067,-116.1867,-57.3459,0.0000,
1959-04,164.0000,UiB_Ekte_data,1959,4,False,138.1867,25.8133,18.6800,1.0000,
1959-05,77.4700,UiB_Ekte_data,1959,5,False,109.0367,-31.5667,-28.9505,0.0000,
1959-06,188.8200,UiB_Ekte_data,1959,6,False,131.9733,56.8467,43.0744,1.0000,
1959-07,128.8300,UiB_Ekte_data,1959,7,False,158.1300,-29.3000,-18.5291,0.0000,
1959-08,134.2200,UiB_Ekte_data,1959,8,False,207.4200,-73.2000,-35.2907,0.0000,
1959-09,106.6000,UiB_Ekte_data,1959,9,False,249.3800,-142.7800,-57.2540,0.0000,
1959-10,120.7400,UiB_Ekte_data,1959,10,False,271.5967,-150.8567,-55.5444,0.0000,
1959-11,201.8700,UiB_Ekte_data,1959,11,False,272.9300,-71.0600,-26.0360,0.0000,
1959-12,166.5900,UiB_Ekte_data,1959,12,False,287.3700,-120.7800,-42.0294,0.0000,
1960-01,119.5500,UiB_Ekte_data,1960,1,False,255.2767,-135.7267,-53.1685,0.0000,
1960-02,73.0500,UiB_Ekte_data,1960,2,False,209.0933,-136.0433,-65.0634,0.0000,
1960-03,47.8000,UiB_Ekte_data,1960,3,False,202.6067,-154.8067,-76.4075,0.0000,
1960-04,161.8400,UiB_Ekte_data,1960,4,False,138.1867,23.6533,17.1169,1.0000,
1960-05,46.9300,UiB_Ekte_data,1960,5,False,109.0367,-62.1067,-56.9594,0.0000,
1960-06,179.4300,UiB_Ekte_data,1960,6,False,131.9733,47.4567,35.9593,1.0000,
1960-07,154.0800,UiB_Ekte_data,1960,7,False,158.1300,-4.0500,-2.5612,0.0000,
1960-08,192.1600,UiB_Ekte_data,1960,8,False,207.4200,-15.2600,-7.3571,0.0000,
1960-09,158.1800,UiB_Ekte_data,1960,9,False,249.3800,-91.2000,-36.5707,0.0000,
1960-10,47.4700,UiB_Ekte_data,1960,10,False,271.5967,-224.1267,-82.5219,0.0000,
1960-11,89.7700,UiB_Ekte_data,1960,11,False,272.9300,-183.1600,-67.1088,0.0000,
1960-12,229.2800,UiB_Ekte_data,1960,12,False,287.3700,-58.0900,-20.2144,0.0000,
1961-01,90.7400,UiB_Ekte_data,1961,1,False,255.2767,-164.5367,-64.4543,0.0000,
1961-02,217.9500,UiB_Ekte_data,1961,2,False,209.0933,8.8567,4.2357,1.0000,
1961-03,201.2300,UiB_Ekte_data,1961,3,False,202.6067,-1.3767,-0.6795,0.0000,
1961-04,76.5000,UiB_Ekte_data,1961,4,False,138.1867,-61.6867,-44.6401,0.0000,
1961-05,78.0100,UiB_Ekte_data,1961,5,False,109.0367,-31.0267,-28.4553,0.0000,
1961-06,240.5000,UiB_Ekte_data,1961,6,False,131.9733,108.5267,82.2338,1.0000,
1961-07,98.4000,UiB_Ekte_data,1961,7,False,158.1300,-59.7300,-37.7727,0.0000,
1961-08,236.6200,UiB_Ekte_data,1961,8,False,207.4200,29.2000,14.0777,1.0000,
1961-09,179.7600,UiB_Ekte_data,1961,9,False,249.3800,-69.6200,-27.9172,0.0000,
1961-10,257.1200,UiB_Ekte_data,1961,10,False,271.5967,-14.4767,-5.3302,0.0000,
1961-11,238.5600,UiB_Ekte_data,1961,11,False,272.9300,-34.3700,-12.5930,0.0000,
1961-12,152.8900,UiB_Ekte_data,1961,12,False,287.3700,-134.4800,-46.7968,0.0000,
1962-01,382.9200,UiB_Ekte_data,1962,1,False,255.2767,127.6433,50.0020,1.0000,
1962-02,258.2000,UiB_Ekte_data,1962,2,False,209.0933,49.1067,23.4855,1.0000,
1962-03,59.1300,UiB_Ekte_data,1962,3,False,202.6067,-143.4767,-70.8154,0.0000,
1962-04,84.0500,UiB_Ekte_data,1962,4,False,138.1867,-54.1367,-39.1765,0.0000,
1962-05,82.3200,UiB_Ekte_data,1962,5,False,109.0367,-26.7167,-24.5025,0.0000,
1962-06,125.4800,UiB_Ekte_data,1962,6,False,131.9733,-6.4933,-4.9202,0.0000,
1962-07,47.9100,UiB_Ekte_data,1962,7,False,158.1300,-110.2200,-69.7021,0.0000,
1962-08,324.7700,UiB_Ekte_data,1962,8,False,207.4200,117.3500,56.5760,1.0000,
1962-09,206.6200,UiB_Ekte_data,1962,9,False,249.3800,-42.7600,-17.1465,0.0000,
1962-10,339.8700,UiB_Ekte_data,1962,10,False,271.5967,68.2733,25.1378,1.0000,
1962-11,150.4100,UiB_Ekte_data,1962,11,False,272.9300,-122.5200,-44.8906,0.0000,
1962-12,141.9900,UiB_Ekte_data,1962,12,False,287.3700,-145.3800,-50.5898,0.0000,
1963-01,45.4200,UiB_Ekte_data,1963,1,False,255.2767,-209.8567,-82.2075,0.0000,
1963-02,46.8300,UiB_Ekte_data,1963,2,False,209.0933,-162.2633,-77.6033,0.0000,
1963-03,104.5500,UiB_Ekte_data,1963,3,False,202.6067,-98.0567,-48.3976,0.0000,
1963-04,104.7700,UiB_Ekte_data,1963,4,False,138.1867,-33.4167,-24.1823,0.0000,
1963-05,213.8500,UiB_Ekte_data,1963,5,False,109.0367,104.8133,96.1267,1.0000,
1963-06,73.5900,UiB_Ekte_data,1963,6,False,131.9733,-58.3833,-44.2387,0.0000,
1963-07,210.2900,UiB_Ekte_data,1963,7,False,158.1300,52.1600,32.9855,1.0000,
1963-08,160.5500,UiB_Ekte_data,1963,8,False,207.4200,-46.8700,-22.5967,0.0000,
1963-09,362.8500,UiB_Ekte_data,1963,9,False,249.3800,113.4700,45.5008,1.0000,
1963-10,290.5600,UiB_Ekte_data,1963,10,False,271.5967,18.9633,6.9822,1.0000,
1963-11,105.2000,UiB_Ekte_data,1963,11,False,272.9300,-167.7300,-61.4553,0.0000,
1963-12,124.1900,UiB_Ekte_data,1963,12,False,287.3700,-163.1800,-56.7839,0.0000,
1964-01,156.7700,UiB_Ekte_data,1964,1,False,255.2767,-98.5067,-38.5882,0.0000,
1964-02,188.1700,UiB_Ekte_data,1964,2,False,209.0933,-20.9233,-10.0067,0.0000,
1964-03,15.7500,UiB_Ekte_data,1964,3,False,202.6067,-186.8567,-92.2263,0.0000,
1964-04,162.7100,UiB_Ekte_data,1964,4,False,138.1867,24.5233,17.7465,1.0000,
1964-05,132.5000,UiB_Ekte_data,1964,5,False,109.0367,23.4633,21.5188,1.0000,
1964-06,273.3000,UiB_Ekte_data,1964,6,False,131.9733,141.3267,107.0873,1.0000,
1964-07,324.4400,UiB_Ekte_data,1964,7,False,158.1300,166.3100,105.1730,1.0000,
1964-08,275.4600,UiB_Ekte_data,1964,8,False,207.4200,68.0400,32.8030,1.0000,
1964-09,235.7500,UiB_Ekte_data,1964,9,False,249.3800,-13.6300,-5.4656,0.0000,
1964-10,186.1200,UiB_Ekte_data,1964,10,False,271.5967,-85.4767,-31.4719,0.0000,
1964-11,314.4100,UiB_Ekte_data,1964,11,False,272.9300,41.4800,15.1980,1.0000,
1964-12,273.0900,UiB_Ekte_data,1964,12,False,287.3700,-14.2800,-4.9692,0.0000,
1965-01,236.0800,UiB_Ekte_data,1965,1,False,255.2767,-19.1967,-7.5199,0.0000,
1965-02,78.8700,UiB_Ekte_data,1965,2,False,209.0933,-130.2233,-62.2800,0.0000,
1965-03,117.1800,UiB_Ekte_data,1965,3,False,202.6067,-85.4267,-42.1638,0.0000,
1965-04,93.2200,UiB_Ekte_data,1965,4,False,138.1867,-44.9667,-32.5405,0.0000,
1965-05,31.8300,UiB_Ekte_data,1965,5,False,109.0367,-77.2067,-70.8080,0.0000,
1965-06,202.2000,UiB_Ekte_data,1965,6,False,131.9733,70.2267,53.2128,1.0000,
1965-07,70.8900,UiB_Ekte_data,1965,7,False,158.1300,-87.2400,-55.1698,0.0000,
1965-08,144.0400,UiB_Ekte_data,1965,8,False,207.4200,-63.3800,-30.5564,0.0000,
1965-09,216.1200,UiB_Ekte_data,1965,9,False,249.3800,-33.2600,-13.3371,0.0000,
1965-10,233.4900,UiB_Ekte_data,1965,10,False,271.5967,-38.1067,-14.0306,0.0000,
1965-11,83.5100,UiB_Ekte_data,1965,11,False,272.9300,-189.4200,-69.4024,0.0000,
1965-12,89.1200,UiB_Ekte_data,1965,12,False,287.3700,-198.2500,-68.9877,0.0000,
1966-01,95.8100,UiB_Ekte_data,1966,1,False,255.2767,-159.4667,-62.4682,0.0000,
1966-02,106.0600,UiB_Ekte_data,1966,2,False,209.0933,-103.0333,-49.2762,0.0000,
1966-03,279.5600,UiB_Ekte_data,1966,3,False,202.6067,76.9533,37.9816,1.0000,
1966-04,52.6500,UiB_Ekte_data,1966,4,False,138.1867,-85.5367,-61.8994,0.0000,
1966-05,127.3200,UiB_Ekte_data,1966,5,False,109.0367,18.2833,16.7681,1.0000,
1966-06,114.6900,UiB_Ekte_data,1966,6,False,131.9733,-17.2833,-13.0961,0.0000,
1966-07,187.5200,UiB_Ekte_data,1966,7,False,158.1300,29.3900,18.5860,1.0000,
1966-08,94.7300,UiB_Ekte_data,1966,8,False,207.4200,-112.6900,-54.3294,0.0000,
1966-09,313.1100,UiB_Ekte_data,1966,9,False,249.3800,63.7300,25.5554,1.0000,
1966-10,250.3200,UiB_Ekte_data,1966,10,False,271.5967,-21.2767,-7.8339,0.0000,
1966-11,302.4300,UiB_Ekte_data,1966,11,False,272.9300,29.5000,10.8086,1.0000,
1966-12,287.4400,UiB_Ekte_data,1966,12,False,287.3700,0.0700,0.0244,1.0000,
1967-01,142.9600,UiB_Ekte_data,1967,1,False,255.2767,-112.3167,-43.9980,0.0000,
1967-02,195.8300,UiB_Ekte_data,1967,2,False,209.0933,-13.2633,-6.3433,0.0000,
1967-03,442.0500,UiB_Ekte_data,1967,3,False,202.6067,239.4433,118.1814,1.0000,
1967-04,206.5100,UiB_Ekte_data,1967,4,False,138.1867,68.3233,49.4428,1.0000,
1967-05,104.8800,UiB_Ekte_data,1967,5,False,109.0367,-4.1567,-3.8122,0.0000,
1967-06,181.2700,UiB_Ekte_data,1967,6,False,131.9733,49.2967,37.3535,1.0000,
1967-07,263.7000,UiB_Ekte_data,1967,7,False,158.1300,105.5700,66.7615,1.0000,
1967-08,237.1600,UiB_Ekte_data,1967,8,False,207.4200,29.7400,14.3381,1.0000,
1967-09,208.9900,UiB_Ekte_data,1967,9,False,249.3800,-40.3900,-16.1962,0.0000,
1967-10,597.8500,UiB_Ekte_data,1967,10,False,271.5967,326.2533,120.1242,1.0000,
1967-11,353.6800,UiB_Ekte_data,1967,11,False,272.9300,80.7500,29.5863,1.0000,
1967-12,362.6400,UiB_Ekte_data,1967,12,False,287.3700,75.2700,26.1927,1.0000,
1968-01,275.3500,UiB_Ekte_data,1968,1,False,255.2767,20.0733,7.8634,1.0000,
1968-02,99.1600,UiB_Ekte_data,1968,2,False,209.0933,-109.9333,-52.5762,0.0000,
1968-03,257.3300,UiB_Ekte_data,1968,3,False,202.6067,54.7233,27.0096,1.0000,
1968-04,49.4200,UiB_Ekte_data,1968,4,False,138.1867,-88.7667,-64.2368,0.0000,
1968-05,82.7600,UiB_Ekte_data,1968,5,False,109.0367,-26.2767,-24.0989,0.0000,
1968-06,142.6400,UiB_Ekte_data,1968,6,False,131.9733,10.6667,8.0824,1.0000,
1968-07,93.2200,UiB_Ekte_data,1968,7,False,158.1300,-64.9100,-41.0485,0.0000,
1968-08,7.1200,UiB_Ekte_data,1968,8,False,207.4200,-200.3000,-96.5674,0.0000,
1968-09,198.9600,UiB_Ekte_data,1968,9,False,249.3800,-50.4200,-20.2181,0.0000,
1968-10,338.6900,UiB_Ekte_data,1968,10,False,271.5967,67.0933,24.7033,1.0000,
1968-11,99.1600,UiB_Ekte_data,1968,11,False,272.9300,-173.7700,-63.6683,0.0000,
1968-12,64.0900,UiB_Ekte_data,1968,12,False,287.3700,-223.2800,-77.6977,0.0000,
1969-01,237.9100,UiB_Ekte_data,1969,1,False,255.2767,-17.3667,-6.8031,0.0000,
1969-02,81.1400,UiB_Ekte_data,1969,2,False,209.0933,-127.9533,-61.1944,0.0000,
1969-03,129.1500,UiB_Ekte_data,1969,3,False,202.6067,-73.4567,-36.2558,0.0000,
1969-04,125.7000,UiB_Ekte_data,1969,4,False,138.1867,-12.4867,-9.0361,0.0000,
1969-05,43.4800,UiB_Ekte_data,1969,5,False,109.0367,-65.5567,-60.1235,0.0000,
1969-06,94.3000,UiB_Ekte_data,1969,6,False,131.9733,-37.6733,-28.5462,0.0000,
1969-07,261.2200,UiB_Ekte_data,1969,7,False,158.1300,103.0900,65.1932,1.0000,
1969-08,50.7100,UiB_Ekte_data,1969,8,False,207.4200,-156.7100,-75.5520,0.0000,
1969-09,423.7100,UiB_Ekte_data,1969,9,False,249.3800,174.3300,69.9054,1.0000,
1969-10,287.0000,UiB_Ekte_data,1969,10,False,271.5967,15.4033,5.6714,1.0000,
1969-11,253.6600,UiB_Ekte_data,1969,11,False,272.9300,-19.2700,-7.0604,0.0000,
1969-12,117.3900,UiB_Ekte_data,1969,12,False,287.3700,-169.9800,-59.1502,0.0000,
1970-01,80.6000,UiB_Ekte_data,1970,1,False,255.2767,-174.6767,-68.4264,0.0000,
1970-02,48.0100,UiB_Ekte_data,1970,2,False,209.0933,-161.0833,-77.0390,0.0000,
1970-03,172.3100,UiB_Ekte_data,1970,3,False,202.6067,-30.2967,-14.9534,0.0000,
1970-04,166.1600,UiB_Ekte_data,1970,4,False,138.1867,27.9733,20.2431,1.0000,
1970-05,123.9700,UiB_Ekte_data,1970,5,False,109.0367,14.9333,13.6957,1.0000,
1970-06,88.9100,UiB_Ekte_data,1970,6,False,131.9733,-43.0633,-32.6303,0.0000,
1970-07,297.4700,UiB_Ekte_data,1970,7,False,158.1300,139.3400,88.1174,1.0000,
1970-08,102.7200,UiB_Ekte_data,1970,8,False,207.4200,-104.7000,-50.4773,0.0000,
1970-09,264.6700,UiB_Ekte_data,1970,9,False,249.3800,15.2900,6.1312,1.0000,
1970-10,306.5300,UiB_Ekte_data,1970,10,False,271.5967,34.9333,12.8622,1.0000,
1970-11,252.6900,UiB_Ekte_data,1970,11,False,272.9300,-20.2400,-7.4158,0.0000,
1970-12,245.5700,UiB_Ekte_data,1970,12,False,287.3700,-41.8000,-14.5457,0.0000,
1971-01,196.0500,UiB_Ekte_data,1971,1,False,255.2767,-59.2267,-23.2010,0.0000,
1971-02,234.7800,UiB_Ekte_data,1971,2,False,209.0933,25.6867,12.2848,1.0000,
1971-03,119.8700,UiB_Ekte_data,1971,3,False,202.6067,-82.7367,-40.8361,0.0000,
1971-04,93.2200,UiB_Ekte_data,1971,4,False,138.1867,-44.9667,-32.5405,0.0000,
1971-05,129.2600,UiB_Ekte_data,1971,5,False,109.0367,20.2233,18.5473,1.0000,
1971-06,74.2300,UiB_Ekte_data,1971,6,False,131.9733,-57.7433,-43.7538,0.0000,
1971-07,155.6900,UiB_Ekte_data,1971,7,False,158.1300,-2.4400,-1.5430,0.0000,
1971-08,146.5200,UiB_Ekte_data,1971,8,False,207.4200,-60.9000,-29.3607,0.0000,
1971-09,251.4000,UiB_Ekte_data,1971,9,False,249.3800,2.0200,0.8100,1.0000,
1971-10,361.9900,UiB_Ekte_data,1971,10,False,271.5967,90.3933,33.2822,1.0000,
1971-11,384.7600,UiB_Ekte_data,1971,11,False,272.9300,111.8300,40.9739,1.0000,
1971-12,380.4400,UiB_Ekte_data,1971,12,False,287.3700,93.0700,32.3868,1.0000,
1972-01,83.5100,UiB_Ekte_data,1972,1,False,255.2767,-171.7667,-67.2865,0.0000,
1972-02,29.4600,UiB_Ekte_data,1972,2,False,209.0933,-179.6333,-85.9106,0.0000,
1972-03,87.0700,UiB_Ekte_data,1972,3,False,202.6067,-115.5367,-57.0251,0.0000,
1972-04,126.0200,UiB_Ekte_data,1972,4,False,138.1867,-12.1667,-8.8045,0.0000,
1972-05,79.0900,UiB_Ekte_data,1972,5,False,109.0367,-29.9467,-27.4648,0.0000,
1972-06,279.8800,UiB_Ekte_data,1972,6,False,131.9733,147.9067,112.0731,1.0000,
1972-07,96.1400,UiB_Ekte_data,1972,7,False,158.1300,-61.9900,-39.2019,0.0000,
1972-08,180.0800,UiB_Ekte_data,1972,8,False,207.4200,-27.3400,-13.1810,0.0000,
1972-09,208.2400,UiB_Ekte_data,1972,9,False,249.3800,-41.1400,-16.4969,0.0000,
1972-10,247.3000,UiB_Ekte_data,1972,10,False,271.5967,-24.2967,-8.9459,0.0000,
1972-11,449.7100,UiB_Ekte_data,1972,11,False,272.9300,176.7800,64.7712,1.0000,
1972-12,231.8700,UiB_Ekte_data,1972,12,False,287.3700,-55.5000,-19.3131,0.0000,
1973-01,217.4100,UiB_Ekte_data,1973,1,False,255.2767,-37.8667,-14.8336,0.0000,
1973-02,351.4200,UiB_Ekte_data,1973,2,False,209.0933,142.3267,68.0685,1.0000,
1973-03,311.7100,UiB_Ekte_data,1973,3,False,202.6067,109.1033,53.8498,1.0000,
1973-04,128.5000,UiB_Ekte_data,1973,4,False,138.1867,-9.6867,-7.0098,0.0000,
1973-05,191.5200,UiB_Ekte_data,1973,5,False,109.0367,82.4833,75.6473,1.0000,
1973-06,193.5700,UiB_Ekte_data,1973,6,False,131.9733,61.5967,46.6736,1.0000,
1973-07,97.5400,UiB_Ekte_data,1973,7,False,158.1300,-60.5900,-38.3166,0.0000,
1973-08,229.2800,UiB_Ekte_data,1973,8,False,207.4200,21.8600,10.5390,1.0000,
1973-09,172.0900,UiB_Ekte_data,1973,9,False,249.3800,-77.2900,-30.9929,0.0000,
1973-10,247.9500,UiB_Ekte_data,1973,10,False,271.5967,-23.6467,-8.7065,0.0000,
1973-11,403.8600,UiB_Ekte_data,1973,11,False,272.9300,130.9300,47.9720,1.0000,
1973-12,368.7900,UiB_Ekte_data,1973,12,False,287.3700,81.4200,28.3328,1.0000,
1974-01,196.6900,UiB_Ekte_data,1974,1,False,255.2767,-58.5867,-22.9503,0.0000,
1974-02,206.9400,UiB_Ekte_data,1974,2,False,209.0933,-2.1533,-1.0298,0.0000,
1974-03,26.8700,UiB_Ekte_data,1974,3,False,202.6067,-175.7367,-86.7379,0.0000,
1974-04,7.8800,UiB_Ekte_data,1974,4,False,138.1867,-130.3067,-94.2976,0.0000,
1974-05,59.8800,UiB_Ekte_data,1974,5,False,109.0367,-49.1567,-45.0827,0.0000,
1974-06,141.3400,UiB_Ekte_data,1974,6,False,131.9733,9.3667,7.0974,1.0000,
1974-07,261.4300,UiB_Ekte_data,1974,7,False,158.1300,103.3000,65.3260,1.0000,
1974-08,229.9300,UiB_Ekte_data,1974,8,False,207.4200,22.5100,10.8524,1.0000,
1974-09,460.2900,UiB_Ekte_data,1974,9,False,249.3800,210.9100,84.5737,1.0000,
1974-10,56.0000,UiB_Ekte_data,1974,10,False,271.5967,-215.5967,-79.3812,0.0000,
1974-11,215.3600,UiB_Ekte_data,1974,11,False,272.9300,-57.5700,-21.0933,0.0000,
1974-12,396.1900,UiB_Ekte_data,1974,12,False,287.3700,108.8200,37.8676,1.0000,
1975-01,339.7700,UiB_Ekte_data,1975,1,False,255.2767,84.4933,33.0987,1.0000,
1975-02,139.5100,UiB_Ekte_data,1975,2,False,209.0933,-69.5833,-33.2786,0.0000,
1975-03,101.3100,UiB_Ekte_data,1975,3,False,202.6067,-101.2967,-49.9967,0.0000,
1975-04,114.0500,UiB_Ekte_data,1975,4,False,138.1867,-24.1367,-17.4667,0.0000,
1975-05,121.2800,UiB_Ekte_data,1975,5,False,109.0367,12.2433,11.2286,1.0000,
1975-06,135.3000,UiB_Ekte_data,1975,6,False,131.9733,3.3267,2.5207,1.0000,
1975-07,124.6200,UiB_Ekte_data,1975,7,False,158.1300,-33.5100,-21.1914,0.0000,
1975-08,133.1400,UiB_Ekte_data,1975,8,False,207.4200,-74.2800,-35.8114,0.0000,
1975-09,703.8100,UiB_Ekte_data,1975,9,False,249.3800,454.4300,182.2239,1.0000,
1975-10,225.5000,UiB_Ekte_data,1975,10,False,271.5967,-46.0967,-16.9725,0.0000,
1975-11,265.3200,UiB_Ekte_data,1975,11,False,272.9300,-7.6100,-2.7883,0.0000,
1975-12,425.9700,UiB_Ekte_data,1975,12,False,287.3700,138.6000,48.2305,1.0000,
1976-01,202.2000,UiB_Ekte_data,1976,1,False,255.2767,-53.0767,-20.7918,0.0000,
1976-02,214.5000,UiB_Ekte_data,1976,2,False,209.0933,5.4067,2.5858,1.0000,
1976-03,73.1500,UiB_Ekte_data,1976,3,False,202.6067,-129.4567,-63.8956,0.0000,
1976-04,220.6500,UiB_Ekte_data,1976,4,False,138.1867,82.4633,59.6753,1.0000,
1976-05,87.7200,UiB_Ekte_data,1976,5,False,109.0367,-21.3167,-19.5500,0.0000,
1976-06,119.2300,UiB_Ekte_data,1976,6,False,131.9733,-12.7433,-9.6560,0.0000,
1976-07,131.5300,UiB_Ekte_data,1976,7,False,158.1300,-26.6000,-16.8216,0.0000,
1976-08,26.1100,UiB_Ekte_data,1976,8,False,207.4200,-181.3100,-87.4120,0.0000,
1976-09,69.5900,UiB_Ekte_data,1976,9,False,249.3800,-179.7900,-72.0948,0.0000,
1976-10,115.5600,UiB_Ekte_data,1976,10,False,271.5967,-156.0367,-57.4516,0.0000,
1976-11,213.6300,UiB_Ekte_data,1976,11,False,272.9300,-59.3000,-21.7272,0.0000,
1976-12,85.8900,UiB_Ekte_data,1976,12,False,287.3700,-201.4800,-70.1117,0.0000,
1977-01,107.7900,UiB_Ekte_data,1977,1,False,255.2767,-147.4867,-57.7752,0.0000,
1977-02,26.2200,UiB_Ekte_data,1977,2,False,209.0933,-182.8733,-87.4601,0.0000,
1977-03,137.5700,UiB_Ekte_data,1977,3,False,202.6067,-65.0367,-32.1000,0.0000,
1977-04,96.0300,UiB_Ekte_data,1977,4,False,138.1867,-42.1567,-30.5070,0.0000,
1977-05,108.2200,UiB_Ekte_data,1977,5,False,109.0367,-0.8167,-0.7490,0.0000,
1977-06,101.6400,UiB_Ekte_data,1977,6,False,131.9733,-30.3333,-22.9844,0.0000,
1977-07,117.9300,UiB_Ekte_data,1977,7,False,158.1300,-40.2000,-25.4221,0.0000,
1977-08,140.7000,UiB_Ekte_data,1977,8,False,207.4200,-66.7200,-32.1666,0.0000,
1977-09,299.6300,UiB_Ekte_data,1977,9,False,249.3800,50.2500,20.1500,1.0000,
1977-10,257.6600,UiB_Ekte_data,1977,10,False,271.5967,-13.9367,-5.1314,0.0000,
1977-11,287.4400,UiB_Ekte_data,1977,11,False,272.9300,14.5100,5.3164,1.0000,
1977-12,204.5700,UiB_Ekte_data,1977,12,False,287.3700,-82.8000,-28.8130,0.0000,
1978-01,225.1800,UiB_Ekte_data,1978,1,False,255.2767,-30.0967,-11.7898,0.0000,
1978-02,74.8800,UiB_Ekte_data,1978,2,False,209.0933,-134.2133,-64.1882,0.0000,
1978-03,153.0000,UiB_Ekte_data,1978,3,False,202.6067,-49.6067,-24.4842,0.0000,
1978-04,24.8200,UiB_Ekte_data,1978,4,False,138.1867,-113.3667,-82.0388,0.0000,
1978-05,42.5100,UiB_Ekte_data,1978,5,False,109.0367,-66.5267,-61.0131,0.0000,
1978-06,132.1700,UiB_Ekte_data,1978,6,False,131.9733,0.1967,0.1490,1.0000,
1978-07,144.3700,UiB_Ekte_data,1978,7,False,158.1300,-13.7600,-8.7017,0.0000,
1978-08,195.1800,UiB_Ekte_data,1978,8,False,207.4200,-12.2400,-5.9011,0.0000,
1978-09,211.5800,UiB_Ekte_data,1978,9,False,249.3800,-37.8000,-15.1576,0.0000,
1978-10,357.6800,UiB_Ekte_data,1978,10,False,271.5967,86.0833,31.6953,1.0000,
1978-11,383.2500,UiB_Ekte_data,1978,11,False,272.9300,110.3200,40.4206,1.0000,
1978-12,27.3000,UiB_Ekte_data,1978,12,False,287.3700,-260.0700,-90.5001,0.0000,
1979-01,156.9900,UiB_Ekte_data,1979,1,False,255.2767,-98.2867,-38.5020,0.0000,
1979-02,163.0300,UiB_Ekte_data,1979,2,False,209.0933,-46.0633,-22.0300,0.0000,
1979-03,196.9100,UiB_Ekte_data,1979,3,False,202.6067,-5.6967,-2.8117,0.0000,
1979-04,96.1400,UiB_Ekte_data,1979,4,False,138.1867,-42.0467,-30.4274,0.0000,
1979-05,212.9900,UiB_Ekte_data,1979,5,False,109.0367,103.9533,95.3380,1.0000,
1979-06,208.1300,UiB_Ekte_data,1979,6,False,131.9733,76.1567,57.7061,1.0000,
1979-07,147.4900,UiB_Ekte_data,1979,7,False,158.1300,-10.6400,-6.7286,0.0000,
1979-08,259.7100,UiB_Ekte_data,1979,8,False,207.4200,52.2900,25.2097,1.0000,
1979-09,404.0700,UiB_Ekte_data,1979,9,False,249.3800,154.6900,62.0298,1.0000,
1979-10,157.8500,UiB_Ekte_data,1979,10,False,271.5967,-113.7467,-41.8807,0.0000,
1979-11,333.5100,UiB_Ekte_data,1979,11,False,272.9300,60.5800,22.1962,1.0000,
1979-12,195.4000,UiB_Ekte_data,1979,12,False,287.3700,-91.9700,-32.0040,0.0000,
1980-01,58.8000,UiB_Ekte_data,1980,1,False,255.2767,-196.4767,-76.9662,0.0000,
1980-02,154.9400,UiB_Ekte_data,1980,2,False,209.0933,-54.1533,-25.8991,0.0000,
1980-03,74.1200,UiB_Ekte_data,1980,3,False,202.6067,-128.4867,-63.4168,0.0000,
1980-04,86.3200,UiB_Ekte_data,1980,4,False,138.1867,-51.8667,-37.5338,0.0000,
1980-05,81.0300,UiB_Ekte_data,1980,5,False,109.0367,-28.0067,-25.6855,0.0000,
1980-06,88.5800,UiB_Ekte_data,1980,6,False,131.9733,-43.3933,-32.8804,0.0000,
1980-07,18.6700,UiB_Ekte_data,1980,7,False,158.1300,-139.4600,-88.1933,0.0000,
1980-08,189.6800,UiB_Ekte_data,1980,8,False,207.4200,-17.7400,-8.5527,0.0000,
1980-09,429.2100,UiB_Ekte_data,1980,9,False,249.3800,179.8300,72.1108,1.0000,
1980-10,326.6000,UiB_Ekte_data,1980,10,False,271.5967,55.0033,20.2518,1.0000,
1980-11,225.7200,UiB_Ekte_data,1980,11,False,272.9300,-47.2100,-17.2975,0.0000,
1980-12,456.6200,UiB_Ekte_data,1980,12,False,287.3700,169.2500,58.8962,1.0000,
1981-01,267.2600,UiB_Ekte_data,1981,1,False,255.2767,11.9833,4.6943,1.0000,
1981-02,262.9400,UiB_Ekte_data,1981,2,False,209.0933,53.8467,25.7525,1.0000,
1981-03,131.9600,UiB_Ekte_data,1981,3,False,202.6067,-70.6467,-34.8689,0.0000,
1981-04,63.5500,UiB_Ekte_data,1981,4,False,138.1867,-74.6367,-54.0115,0.0000,
1981-05,44.9900,UiB_Ekte_data,1981,5,False,109.0367,-64.0467,-58.7387,0.0000,
1981-06,180.9400,UiB_Ekte_data,1981,6,False,131.9733,48.9667,37.1035,1.0000,
1981-07,158.0700,UiB_Ekte_data,1981,7,False,158.1300,-0.0600,-0.0379,0.0000,
1981-08,195.8300,UiB_Ekte_data,1981,8,False,207.4200,-11.5900,-5.5877,0.0000,
1981-09,286.1400,UiB_Ekte_data,1981,9,False,249.3800,36.7600,14.7406,1.0000,
1981-10,426.8400,UiB_Ekte_data,1981,10,False,271.5967,155.2433,57.1595,1.0000,
1981-11,420.1500,UiB_Ekte_data,1981,11,False,272.9300,147.2200,53.9406,1.0000,
1981-12,54.0600,UiB_Ekte_data,1981,12,False,287.3700,-233.3100,-81.1880,0.0000,
1982-01,162.1700,UiB_Ekte_data,1982,1,False,255.2767,-93.1067,-36.4728,0.0000,
1982-02,199.7200,UiB_Ekte_data,1982,2,False,209.0933,-9.3733,-4.4828,0.0000,
1982-03,191.3000,UiB_Ekte_data,1982,3,False,202.6067,-11.3067,-5.5806,0.0000,
1982-04,187.8500,UiB_Ekte_data,1982,4,False,138.1867,49.6633,35.9393,1.0000,
1982-05,137.2400,UiB_Ekte_data,1982,5,False,109.0367,28.2033,25.8659,1.0000,
1982-06,6.0400,UiB_Ekte_data,1982,6,False,131.9733,-125.9333,-95.4233,0.0000,
1982-07,80.0600,UiB_Ekte_data,1982,7,False,158.1300,-78.0700,-49.3708,0.0000,
1982-08,348.8300,UiB_Ekte_data,1982,8,False,207.4200,141.4100,68.1757,1.0000,
1982-09,436.1200,UiB_Ekte_data,1982,9,False,249.3800,186.7400,74.8817,1.0000,
1982-10,168.9700,UiB_Ekte_data,1982,10,False,271.5967,-102.6267,-37.7864,0.0000,
1982-11,436.0100,UiB_Ekte_data,1982,11,False,272.9300,163.0800,59.7516,1.0000,
1982-12,353.3600,UiB_Ekte_data,1982,12,False,287.3700,65.9900,22.9634,1.0000,
1983-01,460.3000,UiB_Ekte_data,1983,1,False,255.2767,205.0233,80.3142,1.0000,29
1983-02,43.5000,UiB_Ekte_data,1983,2,False,209.0933,-165.5933,-79.1959,0.0000,7
1983-03,248.2000,UiB_Ekte_data,1983,3,False,202.6067,45.5933,22.5034,1.0000,18
1983-04,104.8000,UiB_Ekte_data,1983,4,False,138.1867,-33.3867,-24.1606,0.0000,11
1983-05,143.8000,UiB_Ekte_data,1983,5,False,109.0367,34.7633,31.8822,1.0000,19
1983-06,101.7000,UiB_Ekte_data,1983,6,False,131.9733,-30.2733,-22.9390,0.0000,11
1983-07,148.2000,UiB_Ekte_data,1983,7,False,158.1300,-9.9300,-6.2796,0.0000,14
1983-08,184.0000,UiB_Ekte_data,1983,8,False,207.4200,-23.4200,-11.2911,0.0000,16
1983-09,278.7000,UiB_Ekte_data,1983,9,False,249.3800,29.3200,11.7572,1.0000,20
1983-10,587.3000,UiB_Ekte_data,1983,10,False,271.5967,315.7033,116.2398,1.0000,30
1983-11,281.0000,UiB_Ekte_data,1983,11,False,272.9300,8.0700,2.9568,1.0000,20
1983-12,347.2000,UiB_Ekte_data,1983,12,False,287.3700,59.8300,20.8198,1.0000,22
1984-01,163.7000,UiB_Ekte_data,1984,1,False,255.2767,-91.5767,-35.8735,0.0000,15
1984-02,108.9000,UiB_Ekte_data,1984,2,False,209.0933,-100.1933,-47.9180,0.0000,12
1984-03,49.6000,UiB_Ekte_data,1984,3,False,202.6067,-153.0067,-75.5191,0.0000,5
1984-04,144.7000,UiB_Ekte_data,1984,4,False,138.1867,6.5133,4.7134,1.0000,14
1984-05,34.6000,UiB_Ekte_data,1984,5,False,109.0367,-74.4367,-68.2676,0.0000,11
1984-06,121.6000,UiB_Ekte_data,1984,6,False,131.9733,-10.3733,-7.8602,0.0000,11
1984-07,75.9000,UiB_Ekte_data,1984,7,False,158.1300,-82.2300,-52.0015,0.0000,11
1984-08,161.7000,UiB_Ekte_data,1984,8,False,207.4200,-45.7200,-22.0422,0.0000,9
1984-09,69.4000,UiB_Ekte_data,1984,9,False,249.3800,-179.9800,-72.1710,0.0000,10
1984-10,373.4000,UiB_Ekte_data,1984,10,False,271.5967,101.8033,37.4833,1.0000,28
1984-11,163.0000,UiB_Ekte_data,1984,11,False,272.9300,-109.9300,-40.2777,0.0000,14
1984-12,263.0000,UiB_Ekte_data,1984,12,False,287.3700,-24.3700,-8.4804,0.0000,14
1985-01,107.1000,UiB_Ekte_data,1985,1,False,255.2767,-148.1767,-58.0455,0.0000,17
1985-02,132.0000,UiB_Ekte_data,1985,2,False,209.0933,-77.0933,-36.8703,0.0000,12
1985-03,165.1000,UiB_Ekte_data,1985,3,False,202.6067,-37.5067,-18.5121,0.0000,14
1985-04,94.2000,UiB_Ekte_data,1985,4,False,138.1867,-43.9867,-31.8313,0.0000,13
1985-05,50.3000,UiB_Ekte_data,1985,5,False,109.0367,-58.7367,-53.8687,0.0000,10
1985-06,48.1000,UiB_Ekte_data,1985,6,False,131.9733,-83.8733,-63.5532,0.0000,8
1985-07,192.3000,UiB_Ekte_data,1985,7,False,158.1300,34.1700,21.6088,1.0000,17
1985-08,325.5000,UiB_Ekte_data,1985,8,False,207.4200,118.0800,56.9280,1.0000,24
1985-09,198.9000,UiB_Ekte_data,1985,9,False,249.3800,-50.4800,-20.2422,0.0000,17
1985-10,296.9000,UiB_Ekte_data,1985,10,False,271.5967,25.3033,9.3165,1.0000,24
1985-11,101.1000,UiB_Ekte_data,1985,11,False,272.9300,-171.8300,-62.9575,0.0000,12
1985-12,252.8000,UiB_Ekte_data,1985,12,False,287.3700,-34.5700,-12.0298,0.0000,20
1986-01,153.5000,UiB_Ekte_data,1986,1,False,255.2767,-101.7767,-39.8692,0.0000,11
1986-02,6.5000,UiB_Ekte_data,1986,2,False,209.0933,-202.5933,-96.8913,0.0000,2
1986-03,225.5000,UiB_Ekte_data,1986,3,False,202.6067,22.8933,11.2994,1.0000,19
1986-04,17.3000,UiB_Ekte_data,1986,4,False,138.1867,-120.8867,-87.4807,0.0000,5
1986-05,203.6000,UiB_Ekte_data,1986,5,False,109.0367,94.5633,86.7262,1.0000,17
1986-06,102.9000,UiB_Ekte_data,1986,6,False,131.9733,-29.0733,-22.0297,0.0000,13
1986-07,188.5000,UiB_Ekte_data,1986,7,False,158.1300,30.3700,19.2057,1.0000,18
1986-08,117.0000,UiB_Ekte_data,1986,8,False,207.4200,-90.4200,-43.5927,0.0000,14
1986-09,485.3000,UiB_Ekte_data,1986,9,False,249.3800,235.9200,94.6026,1.0000,24
1986-10,420.9000,UiB_Ekte_data,1986,10,False,271.5967,149.3033,54.9724,1.0000,26
1986-11,483.1000,UiB_Ekte_data,1986,11,False,272.9300,210.1700,77.0051,1.0000,24
1986-12,374.7000,UiB_Ekte_data,1986,12,False,287.3700,87.3300,30.3894,1.0000,24
1987-01,84.2000,UiB_Ekte_data,1987,1,False,255.2767,-171.0767,-67.0162,0.0000,14
1987-02,142.8000,UiB_Ekte_data,1987,2,False,209.0933,-66.2933,-31.7051,0.0000,15
1987-03,90.8000,UiB_Ekte_data,1987,3,False,202.6067,-111.8067,-55.1841,0.0000,12
1987-04,74.2000,UiB_Ekte_data,1987,4,False,138.1867,-63.9867,-46.3045,0.0000,11
1987-05,99.5000,UiB_Ekte_data,1987,5,False,109.0367,-9.5367,-8.7463,0.0000,13
1987-06,50.8000,UiB_Ekte_data,1987,6,False,131.9733,-81.1733,-61.5074,0.0000,12
1987-07,57.6000,UiB_Ekte_data,1987,7,False,158.1300,-100.5300,-63.5743,0.0000,12
1987-08,149.1000,UiB_Ekte_data,1987,8,False,207.4200,-58.3200,-28.1169,0.0000,17
1987-09,331.2000,UiB_Ekte_data,1987,9,False,249.3800,81.8200,32.8094,1.0000,21
1987-10,233.3000,UiB_Ekte_data,1987,10,False,271.5967,-38.2967,-14.1006,0.0000,19
1987-11,162.5000,UiB_Ekte_data,1987,11,False,272.9300,-110.4300,-40.4609,0.0000,19
1987-12,237.1000,UiB_Ekte_data,1987,12,False,287.3700,-50.2700,-17.4931,0.0000,20
1988-01,233.3000,UiB_Ekte_data,1988,1,False,255.2767,-21.9767,-8.6090,0.0000,17
1988-02,173.9000,UiB_Ekte_data,1988,2,False,209.0933,-35.1933,-16.8314,0.0000,17
1988-03,84.4000,UiB_Ekte_data,1988,3,False,202.6067,-118.2067,-58.3429,0.0000,14
1988-04,156.0000,UiB_Ekte_data,1988,4,False,138.1867,17.8133,12.8908,1.0000,15
1988-05,83.5000,UiB_Ekte_data,1988,5,False,109.0367,-25.5367,-23.4203,0.0000,14
1988-06,25.4000,UiB_Ekte_data,1988,6,False,131.9733,-106.5733,-80.7537,0.0000,4
1988-07,188.1000,UiB_Ekte_data,1988,7,False,158.1300,29.9700,18.9528,1.0000,20
1988-08,271.3000,UiB_Ekte_data,1988,8,False,207.4200,63.8800,30.7974,1.0000,16
1988-09,400.6000,UiB_Ekte_data,1988,9,False,249.3800,151.2200,60.6384,1.0000,23
1988-10,178.4000,UiB_Ekte_data,1988,10,False,271.5967,-93.1967,-34.3144,0.0000,19
1988-11,227.9000,UiB_Ekte_data,1988,11,False,272.9300,-45.0300,-16.4987,0.0000,18
1988-12,317.7000,UiB_Ekte_data,1988,12,False,287.3700,30.3300,10.5543,1.0000,25
1989-01,477.6000,UiB_Ekte_data,1989,1,False,255.2767,222.3233,87.0911,1.0000,30
1989-02,298.3000,UiB_Ekte_data,1989,2,False,209.0933,89.2067,42.6636,1.0000,23
1989-03,328.0000,UiB_Ekte_data,1989,3,False,202.6067,125.3933,61.8900,1.0000,25
1989-04,61.1000,UiB_Ekte_data,1989,4,False,138.1867,-77.0867,-55.7844,0.0000,11
1989-05,198.2000,UiB_Ekte_data,1989,5,False,109.0367,89.1633,81.7737,1.0000,21
1989-06,205.4000,UiB_Ekte_data,1989,6,False,131.9733,73.4267,55.6375,1.0000,14
1989-07,148.6000,UiB_Ekte_data,1989,7,False,158.1300,-9.5300,-6.0267,0.0000,13
1989-08,353.3000,UiB_Ekte_data,1989,8,False,207.4200,145.8800,70.3307,1.0000,20
1989-09,265.4000,UiB_Ekte_data,1989,9,False,249.3800,16.0200,6.4239,1.0000,24
1989-10,205.2000,UiB_Ekte_data,1989,10,False,271.5967,-66.3967,-24.4468,0.0000,22
1989-11,129.6000,UiB_Ekte_data,1989,11,False,272.9300,-143.3300,-52.5153,0.0000,16
1989-12,194.7000,UiB_Ekte_data,1989,12,False,287.3700,-92.6700,-32.2476,0.0000,22
1990-01,380.4000,UiB_Ekte_data,1990,1,False,255.2767,125.1233,49.0148,1.0000,25
1990-02,308.9000,UiB_Ekte_data,1990,2,False,209.0933,99.8067,47.7331,1.0000,26
1990-03,435.6000,UiB_Ekte_data,1990,3,False,202.6067,232.9933,114.9979,1.0000,29
1990-04,296.9000,UiB_Ekte_data,1990,4,False,138.1867,158.7133,114.8543,1.0000,22
1990-05,31.1000,UiB_Ekte_data,1990,5,False,109.0367,-77.9367,-71.4775,0.0000,4
1990-06,109.2000,UiB_Ekte_data,1990,6,False,131.9733,-22.7733,-17.2560,0.0000,15
1990-07,134.7000,UiB_Ekte_data,1990,7,False,158.1300,-23.4300,-14.8169,0.0000,14
1990-08,200.9000,UiB_Ekte_data,1990,8,False,207.4200,-6.5200,-3.1434,0.0000,20
1990-09,310.0000,UiB_Ekte_data,1990,9,False,249.3800,60.6200,24.3083,1.0000,17
1990-10,259.2000,UiB_Ekte_data,1990,10,False,271.5967,-12.3967,-4.5644,0.0000,12
1990-11,160.1000,UiB_Ekte_data,1990,11,False,272.9300,-112.8300,-41.3403,0.0000,12
1990-12,370.3000,UiB_Ekte_data,1990,12,False,287.3700,82.9300,28.8583,1.0000,22
1991-01,206.9000,UiB_Ekte_data,1991,1,False,255.2767,-48.3767,-18.9507,0.0000,18
1991-02,93.3000,UiB_Ekte_data,1991,2,False,209.0933,-115.7933,-55.3788,0.0000,9
1991-03,212.4000,UiB_Ekte_data,1991,3,False,202.6067,9.7933,4.8337,1.0000,19
1991-04,143.6000,UiB_Ekte_data,1991,4,False,138.1867,5.4133,3.9174,1.0000,14
1991-05,84.0000,UiB_Ekte_data,1991,5,False,109.0367,-25.0367,-22.9617,0.0000,11
1991-06,145.1000,UiB_Ekte_data,1991,6,False,131.9733,13.1267,9.9465,1.0000,18
1991-07,94.7000,UiB_Ekte_data,1991,7,False,158.1300,-63.4300,-40.1126,0.0000,7
1991-08,244.0000,UiB_Ekte_data,1991,8,False,207.4200,36.5800,17.6357,1.0000,18
1991-09,331.3000,UiB_Ekte_data,1991,9,False,249.3800,81.9200,32.8495,1.0000,19
1991-10,139.1000,UiB_Ekte_data,1991,10,False,271.5967,-132.4967,-48.7843,0.0000,12
1991-11,373.2000,UiB_Ekte_data,1991,11,False,272.9300,100.2700,36.7384,1.0000,18
1991-12,364.0000,UiB_Ekte_data,1991,12,False,287.3700,76.6300,26.6660,1.0000,22
1992-01,383.7000,UiB_Ekte_data,1992,1,False,255.2767,128.4233,50.3075,1.0000,21
1992-02,338.9000,UiB_Ekte_data,1992,2,False,209.0933,129.8067,62.0807,1.0000,24
1992-03,316.1000,UiB_Ekte_data,1992,3,False,202.6067,113.4933,56.0166,1.0000,21
1992-04,150.7000,UiB_Ekte_data,1992,4,False,138.1867,12.5133,9.0554,1.0000,14
1992-05,173.6000,UiB_Ekte_data,1992,5,False,109.0367,64.5633,59.2125,1.0000,14
1992-06,69.1000,UiB_Ekte_data,1992,6,False,131.9733,-62.8733,-47.6409,0.0000,9
1992-07,207.7000,UiB_Ekte_data,1992,7,False,158.1300,49.5700,31.3476,1.0000,17
1992-08,250.4000,UiB_Ekte_data,1992,8,False,207.4200,42.9800,20.7212,1.0000,22
1992-09,261.3000,UiB_Ekte_data,1992,9,False,249.3800,11.9200,4.7799,1.0000,18
1992-10,64.4000,UiB_Ekte_data,1992,10,False,271.5967,-207.1967,-76.2884,0.0000,8
1992-11,380.4000,UiB_Ekte_data,1992,11,False,272.9300,107.4700,39.3764,1.0000,23
1992-12,415.3000,UiB_Ekte_data,1992,12,False,287.3700,127.9300,44.5175,1.0000,20
1993-01,359.7000,UiB_Ekte_data,1993,1,False,255.2767,104.4233,40.9059,1.0000,24
1993-02,211.6000,UiB_Ekte_data,1993,2,False,209.0933,2.5067,1.1988,1.0000,21
1993-03,206.1000,UiB_Ekte_data,1993,3,False,202.6067,3.4933,1.7242,1.0000,18
1993-04,74.2000,UiB_Ekte_data,1993,4,False,138.1867,-63.9867,-46.3045,0.0000,10
1993-05,73.4000,UiB_Ekte_data,1993,5,False,109.0367,-35.6367,-32.6832,0.0000,6
1993-06,54.0000,UiB_Ekte_data,1993,6,False,131.9733,-77.9733,-59.0826,0.0000,8
1993-07,159.1000,UiB_Ekte_data,1993,7,False,158.1300,0.9700,0.6134,1.0000,18
1993-08,171.9000,UiB_Ekte_data,1993,8,False,207.4200,-35.5200,-17.1247,0.0000,15
1993-09,63.3000,UiB_Ekte_data,1993,9,False,249.3800,-186.0800,-74.6171,0.0000,7
1993-10,112.6000,UiB_Ekte_data,1993,10,False,271.5967,-158.9967,-58.5415,0.0000,14
1993-11,61.6000,UiB_Ekte_data,1993,11,False,272.9300,-211.3300,-77.4301,0.0000,9
1993-12,300.6000,UiB_Ekte_data,1993,12,False,287.3700,13.2300,4.6038,1.0000,20
1994-01,282.0000,UiB_Ekte_data,1994,1,False,255.2767,26.7233,10.4684,1.0000,19
1994-02,16.0000,UiB_Ekte_data,1994,2,False,209.0933,-193.0933,-92.3479,0.0000,5
1994-03,344.6000,UiB_Ekte_data,1994,3,False,202.6067,141.9933,70.0832,1.0000,24
1994-04,245.3000,UiB_Ekte_data,1994,4,False,138.1867,107.1133,77.5135,1.0000,20
1994-05,108.4000,UiB_Ekte_data,1994,5,False,109.0367,-0.6367,-0.5839,0.0000,6
1994-06,298.0000,UiB_Ekte_data,1994,6,False,131.9733,166.0267,125.8032,1.0000,24
1994-07,114.5000,UiB_Ekte_data,1994,7,False,158.1300,-43.6300,-27.5912,0.0000,8
1994-08,126.8000,UiB_Ekte_data,1994,8,False,207.4200,-80.6200,-38.8680,0.0000,15
1994-09,188.5000,UiB_Ekte_data,1994,9,False,249.3800,-60.8800,-24.4125,0.0000,13
1994-10,202.6000,UiB_Ekte_data,1994,10,False,271.5967,-68.9967,-25.4041,0.0000,18
1994-11,190.9000,UiB_Ekte_data,1994,11,False,272.9300,-82.0300,-30.0553,0.0000,24
1994-12,427.2000,UiB_Ekte_data,1994,12,False,287.3700,139.8300,48.6585,1.0000,25
1995-01,254.1000,UiB_Ekte_data,1995,1,False,255.2767,-1.1767,-0.4609,0.0000,20
1995-02,315.4000,UiB_Ekte_data,1995,2,False,209.0933,106.3067,50.8417,1.0000,26
1995-03,284.5000,UiB_Ekte_data,1995,3,False,202.6067,81.8933,40.4199,1.0000,20
1995-04,164.2000,UiB_Ekte_data,1995,4,False,138.1867,26.0133,18.8248,1.0000,20
1995-05,96.0000,UiB_Ekte_data,1995,5,False,109.0367,-13.0367,-11.9562,0.0000,12
1995-06,84.4000,UiB_Ekte_data,1995,6,False,131.9733,-47.5733,-36.0477,0.0000,15
1995-07,244.2000,UiB_Ekte_data,1995,7,False,158.1300,86.0700,54.4299,1.0000,20
1995-08,100.4000,UiB_Ekte_data,1995,8,False,207.4200,-107.0200,-51.5958,0.0000,10
1995-09,157.5000,UiB_Ekte_data,1995,9,False,249.3800,-91.8800,-36.8434,0.0000,11
1995-10,543.4000,UiB_Ekte_data,1995,10,False,271.5967,271.8033,100.0761,1.0000,26
1995-11,255.3000,UiB_Ekte_data,1995,11,False,272.9300,-17.6300,-6.4595,0.0000,16
1995-12,144.1000,UiB_Ekte_data,1995,12,False,287.3700,-143.2700,-49.8556,0.0000,11
1996-01,28.7000,UiB_Ekte_data,1996,1,False,255.2767,-226.5767,-88.7573,0.0000,7
1996-02,167.9000,UiB_Ekte_data,1996,2,False,209.0933,-41.1933,-19.7009,0.0000,12
1996-03,50.0000,UiB_Ekte_data,1996,3,False,202.6067,-152.6067,-75.3216,0.0000,6
1996-04,73.2000,UiB_Ekte_data,1996,4,False,138.1867,-64.9867,-47.0282,0.0000,13
1996-05,72.3000,UiB_Ekte_data,1996,5,False,109.0367,-36.7367,-33.6920,0.0000,17
1996-06,148.8000,UiB_Ekte_data,1996,6,False,131.9733,16.8267,12.7501,1.0000,16
1996-07,153.8000,UiB_Ekte_data,1996,7,False,158.1300,-4.3300,-2.7383,0.0000,19
1996-08,89.4000,UiB_Ekte_data,1996,8,False,207.4200,-118.0200,-56.8990,0.0000,10
1996-09,89.5000,UiB_Ekte_data,1996,9,False,249.3800,-159.8800,-64.1110,0.0000,7
1996-10,404.1000,UiB_Ekte_data,1996,10,False,271.5967,132.5033,48.7868,1.0000,21
1996-11,214.8000,UiB_Ekte_data,1996,11,False,272.9300,-58.1300,-21.2985,0.0000,13
1996-12,195.6000,UiB_Ekte_data,1996,12,False,287.3700,-91.7700,-31.9344,0.0000,18
1997-01,156.4000,UiB_Ekte_data,1997,1,False,255.2767,-98.8767,-38.7331,0.0000,17
1997-02,375.6000,UiB_Ekte_data,1997,2,False,209.0933,166.5067,79.6327,1.0000,25
1997-03,287.1000,UiB_Ekte_data,1997,3,False,202.6067,84.4933,41.7031,1.0000,18
1997-04,168.3000,UiB_Ekte_data,1997,4,False,138.1867,30.1133,21.7918,1.0000,16
1997-05,81.5000,UiB_Ekte_data,1997,5,False,109.0367,-27.5367,-25.2545,0.0000,11
1997-06,46.6000,UiB_Ekte_data,1997,6,False,131.9733,-85.3733,-64.6898,0.0000,6
1997-07,84.4000,UiB_Ekte_data,1997,7,False,158.1300,-73.7300,-46.6262,0.0000,12
1997-08,136.9000,UiB_Ekte_data,1997,8,False,207.4200,-70.5200,-33.9987,0.0000,10
1997-09,340.6000,UiB_Ekte_data,1997,9,False,249.3800,91.2200,36.5787,1.0000,22
1997-10,232.0000,UiB_Ekte_data,1997,10,False,271.5967,-39.5967,-14.5792,0.0000,23
1997-11,73.5000,UiB_Ekte_data,1997,11,False,272.9300,-199.4300,-73.0700,0.0000,12
1997-12,178.2000,UiB_Ekte_data,1997,12,False,287.3700,-109.1700,-37.9894,0.0000,16
1998-01,231.8000,UiB_Ekte_data,1998,1,False,255.2767,-23.4767,-9.1966,0.0000,19
1998-02,495.2000,UiB_Ekte_data,1998,2,False,209.0933,286.1067,136.8320,1.0000,27
1998-03,207.0000,UiB_Ekte_data,1998,3,False,202.6067,4.3933,2.1684,1.0000,18
1998-04,49.4000,UiB_Ekte_data,1998,4,False,138.1867,-88.7867,-64.2513,0.0000,8
1998-05,51.2000,UiB_Ekte_data,1998,5,False,109.0367,-57.8367,-53.0433,0.0000,9
1998-06,128.6000,UiB_Ekte_data,1998,6,False,131.9733,-3.3733,-2.5561,0.0000,14
1998-07,198.6000,UiB_Ekte_data,1998,7,False,158.1300,40.4700,25.5929,1.0000,18
1998-08,237.6000,UiB_Ekte_data,1998,8,False,207.4200,30.1800,14.5502,1.0000,19
1998-09,62.2000,UiB_Ekte_data,1998,9,False,249.3800,-187.1800,-75.0581,0.0000,12
1998-10,308.1000,UiB_Ekte_data,1998,10,False,271.5967,36.5033,13.4403,1.0000,23
1998-11,183.1000,UiB_Ekte_data,1998,11,False,272.9300,-89.8300,-32.9132,0.0000,15
1998-12,291.9000,UiB_Ekte_data,1998,12,False,287.3700,4.5300,1.5764,1.0000,21
1999-01,295.8000,UiB_Ekte_data,1999,1,False,255.2767,40.5233,15.8743,1.0000,19
1999-02,267.0000,UiB_Ekte_data,1999,2,False,209.0933,57.9067,27.6942,1.0000,21
1999-03,263.9000,UiB_Ekte_data,1999,3,False,202.6067,61.2933,30.2524,1.0000,22
1999-04,204.2000,UiB_Ekte_data,1999,4,False,138.1867,66.0133,47.7711,1.0000,17
1999-05,131.6000,UiB_Ekte_data,1999,5,False,109.0367,22.5633,20.6933,1.0000,12
1999-06,202.7000,UiB_Ekte_data,1999,6,False,131.9733,70.7267,53.5916,1.0000,15
1999-07,208.3000,UiB_Ekte_data,1999,7,False,158.1300,50.1700,31.7271,1.0000,13
1999-08,102.1000,UiB_Ekte_data,1999,8,False,207.4200,-105.3200,-50.7762,0.0000,8
1999-09,233.5000,UiB_Ekte_data,1999,9,False,249.3800,-15.8800,-6.3678,0.0000,21
1999-10,229.2000,UiB_Ekte_data,1999,10,False,271.5967,-42.3967,-15.6102,0.0000,22
1999-11,352.4000,UiB_Ekte_data,1999,11,False,272.9300,79.4700,29.1174,1.0000,21
1999-12,326.7000,UiB_Ekte_data,1999,12,False,287.3700,39.3300,13.6862,1.0000,21
2000-01,377.7000,UiB_Ekte_data,2000,1,False,255.2767,122.4233,47.9571,1.0000,23
2000-02,332.0000,UiB_Ekte_data,2000,2,False,209.0933,122.9067,58.7808,1.0000,22
2000-03,239.0000,UiB_Ekte_data,2000,3,False,202.6067,36.3933,17.9626,1.0000,23
2000-04,115.0000,UiB_Ekte_data,2000,4,False,138.1867,-23.1867,-16.7792,0.0000,14
2000-05,139.7000,UiB_Ekte_data,2000,5,False,109.0367,30.6633,28.1220,1.0000,15
2000-06,168.3000,UiB_Ekte_data,2000,6,False,131.9733,36.3267,27.5258,1.0000,22
2000-07,42.1000,UiB_Ekte_data,2000,7,False,158.1300,-116.0300,-73.3763,0.0000,5
2000-08,296.4000,UiB_Ekte_data,2000,8,False,207.4200,88.9800,42.8985,1.0000,21
2000-09,143.7000,UiB_Ekte_data,2000,9,False,249.3800,-105.6800,-42.3771,0.0000,13
2000-10,238.6000,UiB_Ekte_data,2000,10,False,271.5967,-32.9967,-12.1491,0.0000,21
2000-11,147.5000,UiB_Ekte_data,2000,11,False,272.9300,-125.4300,-45.9568,0.0000,21
2000-12,155.1000,UiB_Ekte_data,2000,12,False,287.3700,-132.2700,-46.0278,0.0000,15
2001-01,78.9000,UiB_Ekte_data,2001,1,False,255.2767,-176.3767,-69.0924,0.0000,9
2001-02,132.0000,UiB_Ekte_data,2001,2,False,209.0933,-77.0933,-36.8703,0.0000,17
2001-03,120.3000,UiB_Ekte_data,2001,3,False,202.6067,-82.3067,-40.6239,0.0000,13
2001-04,115.9000,UiB_Ekte_data,2001,4,False,138.1867,-22.2867,-16.1279,0.0000,16
2001-05,77.2000,UiB_Ekte_data,2001,5,False,109.0367,-31.8367,-29.1981,0.0000,11
2001-06,166.5000,UiB_Ekte_data,2001,6,False,131.9733,34.5267,26.1619,1.0000,15
2001-07,148.5000,UiB_Ekte_data,2001,7,False,158.1300,-9.6300,-6.0899,0.0000,17
2001-08,238.1000,UiB_Ekte_data,2001,8,False,207.4200,30.6800,14.7912,1.0000,21
2001-09,112.7000,UiB_Ekte_data,2001,9,False,249.3800,-136.6800,-54.8079,0.0000,10
2001-10,329.5000,UiB_Ekte_data,2001,10,False,271.5967,57.9033,21.3196,1.0000,22
2001-11,369.1000,UiB_Ekte_data,2001,11,False,272.9300,96.1700,35.2361,1.0000,25
2001-12,202.5000,UiB_Ekte_data,2001,12,False,287.3700,-84.8700,-29.5334,0.0000,15
2002-01,288.9000,UiB_Ekte_data,2002,1,False,255.2767,33.6233,13.1713,1.0000,26
2002-02,265.4000,UiB_Ekte_data,2002,2,False,209.0933,56.3067,26.9290,1.0000,22
2002-03,187.7000,UiB_Ekte_data,2002,3,False,202.6067,-14.9067,-7.3574,0.0000,18
2002-04,112.8000,UiB_Ekte_data,2002,4,False,138.1867,-25.3867,-18.3713,0.0000,13
2002-05,99.2000,UiB_Ekte_data,2002,5,False,109.0367,-9.8367,-9.0214,0.0000,13
2002-06,201.0000,UiB_Ekte_data,2002,6,False,131.9733,69.0267,52.3035,1.0000,14
2002-07,223.7000,UiB_Ekte_data,2002,7,False,158.1300,65.5700,41.4659,1.0000,17
2002-08,174.0000,UiB_Ekte_data,2002,8,False,207.4200,-33.4200,-16.1122,0.0000,11
2002-09,153.8000,UiB_Ekte_data,2002,9,False,249.3800,-95.5800,-38.3271,0.0000,15
2002-10,178.4000,UiB_Ekte_data,2002,10,False,271.5967,-93.1967,-34.3144,0.0000,14
2002-11,113.3000,UiB_Ekte_data,2002,11,False,272.9300,-159.6300,-58.4875,0.0000,11
2002-12,69.2000,UiB_Ekte_data,2002,12,False,287.3700,-218.1700,-75.9195,0.0000,10
2003-01,358.6000,UiB_Ekte_data,2003,1,False,255.2767,103.3233,40.4750,1.0000,20
2003-02,140.0000,UiB_Ekte_data,2003,2,False,209.0933,-69.0933,-33.0443,0.0000,10
2003-03,95.2000,UiB_Ekte_data,2003,3,False,202.6067,-107.4067,-53.0124,0.0000,13
2003-04,87.7000,UiB_Ekte_data,2003,4,False,138.1867,-50.4867,-36.5351,0.0000,7
2003-05,191.4000,UiB_Ekte_data,2003,5,False,109.0367,82.3633,75.5373,1.0000,20
2003-06,212.4000,UiB_Ekte_data,2003,6,False,131.9733,80.4267,60.9416,1.0000,18
2003-07,172.5000,UiB_Ekte_data,2003,7,False,158.1300,14.3700,9.0875,1.0000,17
2003-08,180.8000,UiB_Ekte_data,2003,8,False,207.4200,-26.6200,-12.8339,0.0000,13
2003-09,372.6000,UiB_Ekte_data,2003,9,False,249.3800,123.2200,49.4105,1.0000,25
2003-10,246.3000,UiB_Ekte_data,2003,10,False,271.5967,-25.2967,-9.3141,0.0000,16
2003-11,215.1000,UiB_Ekte_data,2003,11,False,272.9300,-57.8300,-21.1886,0.0000,21
2003-12,345.9000,UiB_Ekte_data,2003,12,False,287.3700,58.5300,20.3675,1.0000,22
2004-01,187.4000,UiB_Ekte_data,2004,1,False,255.2767,-67.8767,-26.5895,0.0000,17
2004-02,137.9000,UiB_Ekte_data,2004,2,False,209.0933,-71.1933,-34.0486,0.0000,19
2004-03,134.7000,UiB_Ekte_data,2004,3,False,202.6067,-67.9067,-33.5165,0.0000,13
2004-04,175.8000,UiB_Ekte_data,2004,4,False,138.1867,37.6133,27.2192,1.0000,19
2004-05,95.4000,UiB_Ekte_data,2004,5,False,109.0367,-13.6367,-12.5065,0.0000,16
2004-06,120.0000,UiB_Ekte_data,2004,6,False,131.9733,-11.9733,-9.0725,0.0000,17
2004-07,131.6000,UiB_Ekte_data,2004,7,False,158.1300,-26.5300,-16.7773,0.0000,12
2004-08,155.2000,UiB_Ekte_data,2004,8,False,207.4200,-52.2200,-25.1760,0.0000,14
2004-09,380.9000,UiB_Ekte_data,2004,9,False,249.3800,131.5200,52.7388,1.0000,20
2004-10,154.0000,UiB_Ekte_data,2004,10,False,271.5967,-117.5967,-43.2983,0.0000,15
2004-11,364.8000,UiB_Ekte_data,2004,11,False,272.9300,91.8700,33.6606,1.0000,23
2004-12,556.0000,UiB_Ekte_data,2004,12,False,287.3700,268.6300,93.4788,1.0000,28
2005-01,468.0000,UiB_Ekte_data,2005,1,False,255.2767,212.7233,83.3305,1.0000,25
2005-02,181.6000,UiB_Ekte_data,2005,2,False,209.0933,-27.4933,-13.1488,0.0000,15
2005-03,159.2000,UiB_Ekte_data,2005,3,False,202.6067,-43.4067,-21.4241,0.0000,9
2005-04,150.0000,UiB_Ekte_data,2005,4,False,138.1867,11.8133,8.5488,1.0000,10
2005-05,162.9000,UiB_Ekte_data,2005,5,False,109.0367,53.8633,49.3993,1.0000,22
2005-06,139.3000,UiB_Ekte_data,2005,6,False,131.9733,7.3267,5.5516,1.0000,16
2005-07,88.7000,UiB_Ekte_data,2005,7,False,158.1300,-69.4300,-43.9069,0.0000,12
2005-08,226.7000,UiB_Ekte_data,2005,8,False,207.4200,19.2800,9.2951,1.0000,15
2005-09,451.2000,UiB_Ekte_data,2005,9,False,249.3800,201.8200,80.9287,1.0000,23
2005-10,252.7000,UiB_Ekte_data,2005,10,False,271.5967,-18.8967,-6.9576,0.0000,18
2005-11,547.9000,UiB_Ekte_data,2005,11,False,272.9300,274.9700,100.7474,1.0000,22
2005-12,207.5000,UiB_Ekte_data,2005,12,False,287.3700,-79.8700,-27.7934,0.0000,13
2006-01,156.6000,UiB_Ekte_data,2006,1,False,255.2767,-98.6767,-38.6548,0.0000,17
2006-02,132.9000,UiB_Ekte_data,2006,2,False,209.0933,-76.1933,-36.4399,0.0000,10
2006-03,54.8000,UiB_Ekte_data,2006,3,False,202.6067,-147.8067,-72.9525,0.0000,8
2006-04,205.4000,UiB_Ekte_data,2006,4,False,138.1867,67.2133,48.6395,1.0000,18
2006-05,70.4000,UiB_Ekte_data,2006,5,False,109.0367,-38.6367,-35.4346,0.0000,13
2006-06,130.5000,UiB_Ekte_data,2006,6,False,131.9733,-1.4733,-1.1164,0.0000,12
2006-07,180.5000,UiB_Ekte_data,2006,7,False,158.1300,22.3700,14.1466,1.0000,11
2006-08,94.5000,UiB_Ekte_data,2006,8,False,207.4200,-112.9200,-54.4403,0.0000,11
2006-09,235.8000,UiB_Ekte_data,2006,9,False,249.3800,-13.5800,-5.4455,0.0000,18
2006-10,284.2000,UiB_Ekte_data,2006,10,False,271.5967,12.6033,4.6405,1.0000,22
2006-11,477.9000,UiB_Ekte_data,2006,11,False,272.9300,204.9700,75.0998,1.0000,27
2006-12,492.9000,UiB_Ekte_data,2006,12,False,287.3700,205.5300,71.5210,1.0000,28
2007-01,421.1000,UiB_Ekte_data,2007,1,False,255.2767,165.8233,64.9583,1.0000,28
2007-02,137.3000,UiB_Ekte_data,2007,2,False,209.0933,-71.7933,-34.3355,0.0000,14
2007-03,259.1000,UiB_Ekte_data,2007,3,False,202.6067,56.4933,27.8833,1.0000,17
2007-04,181.1000,UiB_Ekte_data,2007,4,False,138.1867,42.9133,31.0546,1.0000,18
2007-05,188.0000,UiB_Ekte_data,2007,5,False,109.0367,78.9633,72.4191,1.0000,12
2007-06,24.2000,UiB_Ekte_data,2007,6,False,131.9733,-107.7733,-81.6630,0.0000,3
2007-07,245.9000,UiB_Ekte_data,2007,7,False,158.1300,87.7700,55.5050,1.0000,21
2007-08,330.8000,UiB_Ekte_data,2007,8,False,207.4200,123.3800,59.4832,1.0000,18
2007-09,363.1000,UiB_Ekte_data,2007,9,False,249.3800,113.7200,45.6011,1.0000,23
2007-10,272.7000,UiB_Ekte_data,2007,10,False,271.5967,1.1033,0.4062,1.0000,16
2007-11,316.7000,UiB_Ekte_data,2007,11,False,272.9300,43.7700,16.0371,1.0000,19
2007-12,265.5000,UiB_Ekte_data,2007,12,False,287.3700,-21.8700,-7.6104,0.0000,13
2008-01,350.3000,UiB_Ekte_data,2008,1,False,255.2767,95.0233,37.2237,1.0000,25
2008-02,309.1000,UiB_Ekte_data,2008,2,False,209.0933,100.0067,47.8287,1.0000,22
2008-03,215.6000,UiB_Ekte_data,2008,3,False,202.6067,12.9933,6.4131,1.0000,21
2008-04,129.0000,UiB_Ekte_data,2008,4,False,138.1867,-9.1867,-6.6480,0.0000,15
2008-05,9.3000,UiB_Ekte_data,2008,5,False,109.0367,-99.7367,-91.4708,0.0000,3
2008-06,179.1000,UiB_Ekte_data,2008,6,False,131.9733,47.1267,35.7092,1.0000,16
2008-07,106.6000,UiB_Ekte_data,2008,7,False,158.1300,-51.5300,-32.5871,0.0000,9
2008-08,166.4000,UiB_Ekte_data,2008,8,False,207.4200,-41.0200,-19.7763,0.0000,13
2008-09,149.2000,UiB_Ekte_data,2008,9,False,249.3800,-100.1800,-40.1716,0.0000,13
2008-10,490.5000,UiB_Ekte_data,2008,10,False,271.5967,218.9033,80.5987,1.0000,25
2008-11,278.6000,UiB_Ekte_data,2008,11,False,272.9300,5.6700,2.0775,1.0000,20
2008-12,163.9000,UiB_Ekte_data,2008,12,False,287.3700,-123.4700,-42.9655,0.0000,12
2009-01,196.1000,UiB_Ekte_data,2009,1,False,255.2767,-59.1767,-23.1814,0.0000,15
2009-02,181.2000,UiB_Ekte_data,2009,2,False,209.0933,-27.8933,-13.3401,0.0000,19
2009-03,245.8000,UiB_Ekte_data,2009,3,False,202.6067,43.1933,21.3188,1.0000,21
2009-04,78.1000,UiB_Ekte_data,2009,4,False,138.1867,-60.0867,-43.4822,0.0000,8
2009-05,176.0000,UiB_Ekte_data,2009,5,False,109.0367,66.9633,61.4136,1.0000,16
2009-06,45.1000,UiB_Ekte_data,2009,6,False,131.9733,-86.8733,-65.8264,0.0000,5
2009-07,154.1000,UiB_Ekte_data,2009,7,False,158.1300,-4.0300,-2.5485,0.0000,18
2009-08,209.2000,UiB_Ekte_data,2009,8,False,207.4200,1.7800,0.8582,1.0000,21
2009-09,354.0000,UiB_Ekte_data,2009,9,False,249.3800,104.6200,41.9520,1.0000,25
2009-10,115.5000,UiB_Ekte_data,2009,10,False,271.5967,-156.0967,-57.4737,0.0000,9
2009-11,264.4000,UiB_Ekte_data,2009,11,False,272.9300,-8.5300,-3.1253,0.0000,16
2009-12,71.0000,UiB_Ekte_data,2009,12,False,287.3700,-216.3700,-75.2932,0.0000,9
2010-01,37.0000,UiB_Ekte_data,2010,1,False,255.2767,-218.2767,-85.5059,0.0000,6
2010-02,39.0000,UiB_Ekte_data,2010,2,False,209.0933,-170.0933,-81.3480,0.0000,6
2010-03,207.3000,UiB_Ekte_data,2010,3,False,202.6067,4.6933,2.3165,1.0000,25
2010-04,172.8000,UiB_Ekte_data,2010,4,False,138.1867,34.6133,25.0482,1.0000,17
2010-05,55.9000,UiB_Ekte_data,2010,5,False,109.0367,-53.1367,-48.7328,0.0000,8
2010-06,76.2000,UiB_Ekte_data,2010,6,False,131.9733,-55.7733,-42.2611,0.0000,10
2010-07,174.4000,UiB_Ekte_data,2010,7,False,158.1300,16.2700,10.2890,1.0000,19
2010-08,169.1000,UiB_Ekte_data,2010,8,False,207.4200,-38.3200,-18.4746,0.0000,20
2010-09,237.8000,UiB_Ekte_data,2010,9,False,249.3800,-11.5800,-4.6435,0.0000,12
2010-10,290.4000,UiB_Ekte_data,2010,10,False,271.5967,18.8033,6.9233,1.0000,18
2010-11,90.7000,UiB_Ekte_data,2010,11,False,272.9300,-182.2300,-66.7680,0.0000,10
2010-12,86.2000,UiB_Ekte_data,2010,12,False,287.3700,-201.1700,-70.0038,0.0000,13
2011-01,226.9000,UiB_Ekte_data,2011,1,False,255.2767,-28.3767,-11.1160,0.0000,23
2011-02,168.3000,UiB_Ekte_data,2011,2,False,209.0933,-40.7933,-19.5096,0.0000,17
2011-03,219.2000,UiB_Ekte_data,2011,3,False,202.6067,16.5933,8.1899,1.0000,19
2011-04,132.8000,UiB_Ekte_data,2011,4,False,138.1867,-5.3867,-3.8981,0.0000,13
2011-05,136.4000,UiB_Ekte_data,2011,5,False,109.0367,27.3633,25.0955,1.0000,18
2011-06,248.1000,UiB_Ekte_data,2011,6,False,131.9733,116.1267,87.9925,1.0000,16
2011-07,103.0000,UiB_Ekte_data,2011,7,False,158.1300,-55.1300,-34.8637,0.0000,15
2011-08,110.2000,UiB_Ekte_data,2011,8,False,207.4200,-97.2200,-46.8711,0.0000,14
2011-09,359.1000,UiB_Ekte_data,2011,9,False,249.3800,109.7200,43.9971,1.0000,24
2011-10,303.0000,UiB_Ekte_data,2011,10,False,271.5967,31.4033,11.5625,1.0000,22
2011-11,302.2000,UiB_Ekte_data,2011,11,False,272.9300,29.2700,10.7244,1.0000,16
2011-12,352.4000,UiB_Ekte_data,2011,12,False,287.3700,65.0300,22.6294,1.0000,29
2012-01,255.2000,UiB_Ekte_data,2012,1,False,255.2767,-0.0767,-0.0300,0.0000,16
2012-02,287.2000,UiB_Ekte_data,2012,2,False,209.0933,78.1067,37.3549,1.0000,22
2012-03,241.2000,UiB_Ekte_data,2012,3,False,202.6067,38.5933,19.0484,1.0000,21
2012-04,100.0000,UiB_Ekte_data,2012,4,False,138.1867,-38.1867,-27.6341,0.0000,13
2012-05,117.5000,UiB_Ekte_data,2012,5,False,109.0367,8.4633,7.7619,1.0000,13
2012-06,57.2000,UiB_Ekte_data,2012,6,False,131.9733,-74.7733,-56.6579,0.0000,10
2012-07,180.3000,UiB_Ekte_data,2012,7,False,158.1300,22.1700,14.0201,1.0000,16
2012-08,202.7000,UiB_Ekte_data,2012,8,False,207.4200,-4.7200,-2.2756,0.0000,18
2012-09,413.7000,UiB_Ekte_data,2012,9,False,249.3800,164.3200,65.8914,1.0000,23
2012-10,243.9000,UiB_Ekte_data,2012,10,False,271.5967,-27.6967,-10.1977,0.0000,22
2012-11,378.3000,UiB_Ekte_data,2012,11,False,272.9300,105.3700,38.6070,1.0000,22
2012-12,168.6000,UiB_Ekte_data,2012,12,False,287.3700,-118.7700,-41.3300,0.0000,13
2013-01,133.7000,UiB_Ekte_data,2013,1,False,255.2767,-121.5767,-47.6255,0.0000,12
2013-02,81.3000,UiB_Ekte_data,2013,2,False,209.0933,-127.7933,-61.1178,0.0000,9
2013-03,15.2000,UiB_Ekte_data,2013,3,False,202.6067,-187.4067,-92.4978,0.0000,5
2013-04,220.6000,UiB_Ekte_data,2013,4,False,138.1867,82.4133,59.6391,1.0000,16
2013-05,126.8000,UiB_Ekte_data,2013,5,False,109.0367,17.7633,16.2912,1.0000,16
2013-06,158.9000,UiB_Ekte_data,2013,6,False,131.9733,26.9267,20.4031,1.0000,15
2013-07,170.2000,UiB_Ekte_data,2013,7,False,158.1300,12.0700,7.6330,1.0000,16
2013-08,212.4000,UiB_Ekte_data,2013,8,False,207.4200,4.9800,2.4009,1.0000,17
2013-09,201.7000,UiB_Ekte_data,2013,9,False,249.3800,-47.6800,-19.1194,0.0000,16
2013-10,343.5000,UiB_Ekte_data,2013,10,False,271.5967,71.9033,26.4743,1.0000,17
2013-11,365.3000,UiB_Ekte_data,2013,11,False,272.9300,92.3700,33.8438,1.0000,23
2013-12,424.5000,UiB_Ekte_data,2013,12,False,287.3700,137.1300,47.7190,1.0000,27
2014-01,97.2000,UiB_Ekte_data,2014,1,False,255.2767,-158.0767,-61.9237,0.0000,10
2014-02,204.0000,UiB_Ekte_data,2014,2,False,209.0933,-5.0933,-2.4359,0.0000,21
2014-03,274.6000,UiB_Ekte_data,2014,3,False,202.6067,71.9933,35.5335,1.0000,16
2014-04,131.1000,UiB_Ekte_data,2014,4,False,138.1867,-7.0867,-5.1283,0.0000,11
2014-05,96.7000,UiB_Ekte_data,2014,5,False,109.0367,-12.3367,-11.3142,0.0000,9
2014-06,58.6000,UiB_Ekte_data,2014,6,False,131.9733,-73.3733,-55.5971,0.0000,5
2014-07,172.4000,UiB_Ekte_data,2014,7,False,158.1300,14.2700,9.0242,1.0000,14
2014-08,196.3000,UiB_Ekte_data,2014,8,False,207.4200,-11.1200,-5.3611,0.0000,21
2014-09,128.0000,UiB_Ekte_data,2014,9,False,249.3800,-121.3800,-48.6727,0.0000,10
2014-10,483.6000,UiB_Ekte_data,2014,10,False,271.5967,212.0033,78.0581,1.0000,23
2014-11,164.5000,UiB_Ekte_data,2014,11,False,272.9300,-108.4300,-39.7281,0.0000,15
2014-12,418.0000,UiB_Ekte_data,2014,12,False,287.3700,130.6300,45.4571,1.0000,29
2015-01,515.7000,UiB_Ekte_data,2015,1,False,255.2767,260.4233,102.0161,1.0000,26
2015-02,256.4000,UiB_Ekte_data,2015,2,False,209.0933,47.3067,22.6247,1.0000,20
2015-03,339.5000,UiB_Ekte_data,2015,3,False,202.6067,136.8933,67.5661,1.0000,21
2015-04,140.1000,UiB_Ekte_data,2015,4,False,138.1867,1.9133,1.3846,1.0000,14
2015-05,239.2000,UiB_Ekte_data,2015,5,False,109.0367,130.1633,119.3757,1.0000,22
2015-06,129.6000,UiB_Ekte_data,2015,6,False,131.9733,-2.3733,-1.7983,0.0000,15
2015-07,108.3000,UiB_Ekte_data,2015,7,False,158.1300,-49.8300,-31.5120,0.0000,18
2015-08,192.2000,UiB_Ekte_data,2015,8,False,207.4200,-15.2200,-7.3378,0.0000,18
2015-09,124.4000,UiB_Ekte_data,2015,9,False,249.3800,-124.9800,-50.1163,0.0000,15
2015-10,169.2000,UiB_Ekte_data,2015,10,False,271.5967,-102.3967,-37.7017,0.0000,15
2015-11,431.7000,UiB_Ekte_data,2015,11,False,272.9300,158.7700,58.1724,1.0000,22
2015-12,459.8000,UiB_Ekte_data,2015,12,False,287.3700,172.4300,60.0028,1.0000,26
2016-01,174.4000,UiB_Ekte_data,2016,1,False,255.2767,-80.8767,-31.6820,0.0000,14
2016-02,260.1000,UiB_Ekte_data,2016,2,False,209.0933,51.0067,24.3942,1.0000,19
2016-03,115.5000,UiB_Ekte_data,2016,3,False,202.6067,-87.1067,-42.9930,0.0000,14
2016-04,104.5000,UiB_Ekte_data,2016,4,False,138.1867,-33.6867,-24.3777,0.0000,14
2016-05,87.2000,UiB_Ekte_data,2016,5,False,109.0367,-21.8367,-20.0269,0.0000,11
2016-06,89.2000,UiB_Ekte_data,2016,6,False,131.9733,-42.7733,-32.4106,0.0000,10
2016-07,268.5000,UiB_Ekte_data,2016,7,False,158.1300,110.3700,69.7970,1.0000,20
2016-08,368.1000,UiB_Ekte_data,2016,8,False,207.4200,160.6800,77.4660,1.0000,20
2016-09,263.5000,UiB_Ekte_data,2016,9,False,249.3800,14.1200,5.6620,1.0000,15
2016-10,99.5000,UiB_Ekte_data,2016,10,False,271.5967,-172.0967,-63.3648,0.0000,8
2016-11,301.9000,UiB_Ekte_data,2016,11,False,272.9300,28.9700,10.6144,1.0000,20
2016-12,321.9000,UiB_Ekte_data,2016,12,False,287.3700,34.5300,12.0159,1.0000,26
2017-01,261.1000,UiB_Ekte_data,2017,1,False,255.2767,5.8233,2.2812,1.0000,21
2017-02,171.8000,UiB_Ekte_data,2017,2,False,209.0933,-37.2933,-17.8357,0.0000,12
2017-03,199.1000,UiB_Ekte_data,2017,3,False,202.6067,-3.5067,-1.7308,0.0000,22
2017-04,201.8000,UiB_Ekte_data,2017,4,False,138.1867,63.6133,46.0343,1.0000,22
2017-05,63.3000,UiB_Ekte_data,2017,5,False,109.0367,-45.7367,-41.9461,0.0000,10
2017-06,269.2000,UiB_Ekte_data,2017,6,False,131.9733,137.2267,103.9806,1.0000,22
2017-07,174.1000,UiB_Ekte_data,2017,7,False,158.1300,15.9700,10.0993,1.0000,19
2017-08,334.3000,UiB_Ekte_data,2017,8,False,207.4200,126.8800,61.1706,1.0000,21
2017-09,144.1000,UiB_Ekte_data,2017,9,False,249.3800,-105.2800,-42.2167,0.0000,14
2017-10,397.7000,UiB_Ekte_data,2017,10,False,271.5967,126.1033,46.4304,1.0000,24
2017-11,368.7000,UiB_Ekte_data,2017,11,False,272.9300,95.7700,35.0896,1.0000,23
2017-12,495.0000,UiB_Ekte_data,2017,12,False,287.3700,207.6300,72.2518,1.0000,23
2018-01,227.5000,UiB_Ekte_data,2018,1,False,255.2767,-27.7767,-10.8810,0.0000,19
2018-02,129.8000,UiB_Ekte_data,2018,2,False,209.0933,-79.2933,-37.9225,0.0000,15
2018-03,72.4000,UiB_Ekte_data,2018,3,False,202.6067,-130.2067,-64.2657,0.0000,14
2018-04,137.0000,UiB_Ekte_data,2018,4,False,138.1867,-1.1867,-0.8587,0.0000,15
2018-05,62.2000,UiB_Ekte_data,2018,5,False,109.0367,-46.8367,-42.9550,0.0000,8
2018-06,101.1000,UiB_Ekte_data,2018,6,False,131.9733,-30.8733,-23.3936,0.0000,11
2018-07,52.8000,UiB_Ekte_data,2018,7,False,158.1300,-105.3300,-66.6098,0.0000,11
2018-08,340.6000,UiB_Ekte_data,2018,8,False,207.4200,133.1800,64.2079,1.0000,21
2018-09,526.6000,UiB_Ekte_data,2018,9,False,249.3800,277.2200,111.1637,1.0000,24
2018-10,539.6000,UiB_Ekte_data,2018,10,False,271.5967,268.0033,98.6770,1.0000,23
2018-11,74.0000,UiB_Ekte_data,2018,11,False,272.9300,-198.9300,-72.8868,0.0000,12
2018-12,147.6000,UiB_Ekte_data,2018,12,False,287.3700,-139.7700,-48.6376,0.0000,17
2019-01,173.2000,UiB_Ekte_data,2019,1,False,255.2767,-82.0767,-32.1520,0.0000,21
2019-02,117.1000,UiB_Ekte_data,2019,2,False,209.0933,-91.9933,-43.9963,0.0000,18
2019-03,250.4000,UiB_Ekte_data,2019,3,False,202.6067,47.7933,23.5892,1.0000,25
2019-04,12.0000,UiB_Ekte_data,2019,4,False,138.1867,-126.1867,-91.3161,0.0000,2
2019-05,89.9000,UiB_Ekte_data,2019,5,False,109.0367,-19.1367,-17.5507,0.0000,16
2019-06,161.1000,UiB_Ekte_data,2019,6,False,131.9733,29.1267,22.0701,1.0000,17
2019-07,155.9000,UiB_Ekte_data,2019,7,False,158.1300,-2.2300,-1.4102,0.0000,14
2019-08,393.4000,UiB_Ekte_data,2019,8,False,207.4200,185.9800,89.6635,1.0000,21
2019-09,254.1000,UiB_Ekte_data,2019,9,False,249.3800,4.7200,1.8927,1.0000,18
2019-10,281.9000,NOAA_GHCNd_NO000050540,2019,10,False,271.5967,10.3033,3.7936,1.0000,20
2019-11,59.7000,NOAA_GHCNd_NO000050540,2019,11,False,272.9300,-213.2300,-78.1263,0.0000,7
2019-12,363.5000,NOAA_GHCNd_NO000050540,2019,12,False,287.3700,76.1300,26.4920,1.0000,24
2020-01,473.7000,NOAA_GHCNd_NO000050540,2020,1,False,255.2767,218.4233,85.5634,1.0000,29
2020-02,327.5000,NOAA_GHCNd_NO000050540,2020,2,False,209.0933,118.4067,56.6286,1.0000,26
2020-03,260.7000,NOAA_GHCNd_NO000050540,2020,3,False,202.6067,58.0933,28.6730,1.0000,22
2020-04,169.0000,NOAA_GHCNd_NO000050540,2020,4,False,138.1867,30.8133,22.2983,1.0000,12
2020-05,114.5000,NOAA_GHCNd_NO000050540,2020,5,False,109.0367,5.4633,5.0105,1.0000,18
2020-06,46.3000,NOAA_GHCNd_NO000050540,2020,6,False,131.9733,-85.6733,-64.9172,0.0000,9
2020-07,224.5000,NOAA_GHCNd_NO000050540,2020,7,False,158.1300,66.3700,41.9718,1.0000,24
2020-08,171.7000,NOAA_GHCNd_NO000050540,2020,8,False,207.4200,-35.7200,-17.2211,0.0000,16
2020-09,383.7000,NOAA_GHCNd_NO000050540,2020,9,False,249.3800,134.3200,53.8616,1.0000,21
2020-10,197.7000,NOAA_GHCNd_NO000050540,2020,10,False,271.5967,-73.8967,-27.2082,0.0000,16
2020-11,470.4000,NOAA_GHCNd_NO000050540,2020,11,False,272.9300,197.4700,72.3519,1.0000,23
2020-12,210.5000,NOAA_GHCNd_NO000050540,2020,12,False,287.3700,-76.8700,-26.7495,0.0000,17
2021-01,117.9000,NOAA_GHCNd_NO000050540,2021,1,False,255.2767,-137.3767,-53.8148,0.0000,14
2021-02,114.6000,NOAA_GHCNd_NO000050540,2021,2,False,209.0933,-94.4933,-45.1919,0.0000,11
2021-03,218.9000,NOAA_GHCNd_NO000050540,2021,3,False,202.6067,16.2933,8.0419,1.0000,19
2021-04,87.9000,NOAA_GHCNd_NO000050540,2021,4,False,138.1867,-50.2867,-36.3904,0.0000,11
2021-05,53.5000,NOAA_GHCNd_NO000050540,2021,5,False,109.0367,-55.5367,-50.9339,0.0000,10
2021-06,109.1000,NOAA_GHCNd_NO000050540,2021,6,False,131.9733,-22.8733,-17.3318,0.0000,12
2021-07,105.7000,NOAA_GHCNd_NO000050540,2021,7,False,158.1300,-52.4300,-33.1563,0.0000,14
2021-08,66.7000,NOAA_GHCNd_NO000050540,2021,8,False,207.4200,-140.7200,-67.8430,0.0000,7
2021-09,183.4000,NOAA_GHCNd_NO000050540,2021,9,False,249.3800,-65.9800,-26.4576,0.0000,13
2021-10,651.8000,NOAA_GHCNd_NO000050540,2021,10,False,271.5967,380.2033,139.9882,1.0000,29
2021-11,320.1000,NOAA_GHCNd_NO000050540,2021,11,False,272.9300,47.1700,17.2828,1.0000,21
2021-12,141.1000,NOAA_GHCNd_NO000050540,2021,12,False,287.3700,-146.2700,-50.8995,0.0000,12
2022-01,370.7000,NOAA_GHCNd_NO000050540,2022,1,False,255.2767,115.4233,45.2150,1.0000,24
2022-02,317.7000,NOAA_GHCNd_NO000050540,2022,2,False,209.0933,108.6067,51.9417,1.0000,25
2022-03,50.6000,NOAA_GHCNd_NO000050540,2022,3,False,202.6067,-152.0067,-75.0255,0.0000,9
2022-04,57.1000,NOAA_GHCNd_NO000050540,2022,4,False,138.1867,-81.0867,-58.6791,0.0000,8
2022-05,189.6000,NOAA_GHCNd_NO000050540,2022,5,False,109.0367,80.5633,73.8865,1.0000,17
2022-06,163.9000,NOAA_GHCNd_NO000050540,2022,6,False,131.9733,31.9267,24.1918,1.0000,16
2022-07,233.6000,NOAA_GHCNd_NO000050540,2022,7,False,158.1300,75.4700,47.7266,1.0000,19
2022-08,169.1000,NOAA_GHCNd_NO000050540,2022,8,False,207.4200,-38.3200,-18.4746,0.0000,15
2022-09,165.1000,NOAA_GHCNd_NO000050540,2022,9,False,249.3800,-84.2800,-33.7958,0.0000,10
2022-10,304.8000,NOAA_GHCNd_NO000050540,2022,10,False,271.5967,33.2033,12.2252,1.0000,22
2022-11,189.0000,NOAA_GHCNd_NO000050540,2022,11,False,272.9300,-83.9300,-30.7515,0.0000,14
2022-12,234.5000,NOAA_GHCNd_NO000050540,2022,12,False,287.3700,-52.8700,-18.3979,0.0000,17
2023-01,320.8000,NOAA_GHCNd_NO000050540,2023,1,False,255.2767,65.5233,25.6676,1.0000,20
2023-02,229.1000,NOAA_GHCNd_NO000050540,2023,2,False,209.0933,20.0067,9.5683,1.0000,18
2023-03,181.0000,NOAA_GHCNd_NO000050540,2023,3,False,202.6067,-21.6067,-10.6643,0.0000,17
2023-04,44.3000,NOAA_GHCNd_NO000050540,2023,4,False,138.1867,-93.8867,-67.9419,0.0000,8
2023-05,81.0000,NOAA_GHCNd_NO000050540,2023,5,False,109.0367,-28.0367,-25.7131,0.0000,14
2023-06,70.2000,NOAA_GHCNd_NO000050540,2023,6,False,131.9733,-61.7733,-46.8074,0.0000,5
2023-07,218.9000,NOAA_GHCNd_NO000050540,2023,7,False,158.1300,60.7700,38.4304,1.0000,20
2023-08,267.5000,NOAA_GHCNd_NO000050540,2023,8,False,207.4200,60.0800,28.9654,1.0000,18
2023-09,338.2000,NOAA_GHCNd_NO000050540,2023,9,False,249.3800,88.8200,35.6163,1.0000,23
2023-10,208.0000,NOAA_GHCNd_NO000050540,2023,10,False,271.5967,-63.5967,-23.4158,0.0000,15
2023-11,81.5000,NOAA_GHCNd_NO000050540,2023,11,False,272.9300,-191.4300,-70.1389,0.0000,8
2023-12,255.8000,NOAA_GHCNd_NO000050540,2023,12,False,287.3700,-31.5700,-10.9858,0.0000,17
2024-01,246.2000,NOAA_GHCNd_NO000050540,2024,1,False,255.2767,-9.0767,-3.5556,0.0000,18
2024-02,304.8000,NOAA_GHCNd_NO000050540,2024,2,False,209.0933,95.7067,45.7722,1.0000,23
2024-03,158.6000,NOAA_GHCNd_NO000050540,2024,3,False,202.6067,-44.0067,-21.7202,0.0000,16
2024-04,105.9000,NOAA_GHCNd_NO000050540,2024,4,False,138.1867,-32.2867,-23.3645,0.0000,13
2024-05,56.1000,NOAA_GHCNd_NO000050540,2024,5,False,109.0367,-52.9367,-48.5494,0.0000,9
2024-06,180.1000,NOAA_GHCNd_NO000050540,2024,6,False,131.9733,48.1267,36.4670,1.0000,20
2024-07,144.6000,NOAA_GHCNd_NO000050540,2024,7,False,158.1300,-13.5300,-8.5563,0.0000,13
2024-08,472.6000,NOAA_GHCNd_NO000050540,2024,8,False,207.4200,265.1800,127.8469,1.0000,26
2024-09,164.0000,NOAA_GHCNd_NO000050540,2024,9,False,249.3800,-85.3800,-34.2369,0.0000,13
2024-10,323.6000,NOAA_GHCNd_NO000050540,2024,10,False,271.5967,52.0033,19.1473,1.0000,19
2024-11,203.7000,NOAA_GHCNd_NO000050540,2024,11,False,272.9300,-69.2300,-25.3655,0.0000,19
2024-12,451.6000,NOAA_GHCNd_NO000050540,2024,12,False,287.3700,164.2300,57.1493,1.0000,25
2025-01,199.2000,NOAA_GHCNd_NO000050540,2025,1,False,255.2767,-56.0767,-21.9670,0.0000,15
2025-02,183.2000,NOAA_GHCNd_NO000050540,2025,2,False,209.0933,-25.8933,-12.3836,0.0000,14
2025-03,287.5000,NOAA_GHCNd_NO000050540,2025,3,False,202.6067,84.8933,41.9006,1.0000,18
2025-04,125.3000,NOAA_GHCNd_NO000050540,2025,4,False,138.1867,-12.8867,-9.3255,0.0000,11
2025-05,115.4000,NOAA_GHCNd_NO000050540,2025,5,False,109.0367,6.3633,5.8360,1.0000,10
2025-06,178.6000,NOAA_GHCNd_NO000050540,2025,6,False,131.9733,46.6267,35.3304,1.0000,20
2025-07,90.8000,NOAA_GHCNd_NO000050540,2025,7,False,158.1300,-67.3300,-42.5789,0.0000,11
2025-08,167.0000,NOAA_GHCNd_NO000050540,2025,8,False,207.4200,-40.4200,-19.4870,0.0000,17
2025-09,204.7000,NOAA_GHCNd_NO000050540,2025,9,False,249.3800,-44.6800,-17.9164,0.0000,24
2025-10,232.4000,NOAA_GHCNd_NO000050540,2025,10,False,271.5967,-39.1967,-14.4319,0.0000,23
2025-11,324.5000,NOAA_GHCNd_NO000050540,2025,11,False,272.9300,51.5700,18.8950,1.0000,22
2025-12,330.6000,NOAA_GHCNd_NO000050540,2025,12,False,287.3700,43.2300,15.0433,1.0000,17
2026-01,82.0000,MET_Frost_SN50540,2026,1,False,255.2767,-173.2767,-67.8780,0,9
2026-02,133.4000,MET_Frost_SN50540,2026,2,False,209.0933,-75.6933,-36.2007,0,9
2026-03,243.9000,MET_Frost_SN50540,2026,3,False,202.6067,41.2933,20.3810,1,21
2026-04,65.9000,MET_Frost_SN50540,2026,4,False,138.1867,-72.2867,-52.3109,0,12
2026-05,127.4000,MET_Frost_SN50540,2026,5,False,109.0367,18.3633,16.8414,1,17
2026-06,165.7000,MET_Frost_SN50540,2026,6,False,131.9733,33.7267,25.5557,1,17
2026-07,184.2000,MET_Frost_SN50540,2026,7,False,158.1300,26.0700,16.4864,1,13
2026-08,243.6000,MET_Frost_SN50540,2026,8,False,207.4200,36.1800,17.4429,1,17
2026-09,371.3000,MET_Frost_SN50540,2026,9,False,249.3800,121.9200,48.8892,1,23
